model,set,cell_id,actual,predicted,error,ape_pct
median,batch1_holdout,batch1_000,1190.0,857.0,-333.0,27.983193277310924
median,batch1_holdout,batch1_001,1179.0,857.0,-322.0,27.31128074639525
median,batch1_holdout,batch1_002,1177.0,857.0,-320.0,27.187765505522513
median,batch1_holdout,batch1_014,880.0,857.0,-23.0,2.6136363636363638
median,batch1_holdout,batch1_015,719.0,857.0,138.0,19.193324061196105
median,batch1_holdout,batch1_018,691.0,857.0,166.0,24.02315484804631
median,batch1_holdout,batch1_019,788.0,857.0,69.0,8.756345177664974
median,batch1_holdout,batch1_028,860.0,857.0,-3.0,0.3488372093023256
median,batch1_holdout,batch1_029,917.0,857.0,-60.0,6.543075245365322
median,batch1_holdout,batch1_034,742.0,857.0,115.0,15.498652291105122
median,batch1_holdout,batch1_035,703.0,857.0,154.0,21.906116642958747
median,batch2,batch2_000,477.0,858.5,381.5,79.979035639413
median,batch2,batch2_001,491.0,858.5,367.5,74.84725050916497
median,batch2,batch2_002,424.0,858.5,434.5,102.47641509433963
median,batch2,batch2_003,499.0,858.5,359.5,72.0440881763527
median,batch2,batch2_004,444.0,858.5,414.5,93.35585585585585
median,batch2,batch2_005,416.0,858.5,442.5,106.3701923076923
median,batch2,batch2_006,393.0,858.5,465.5,118.44783715012723
median,batch2,batch2_010,492.0,858.5,366.5,74.49186991869918
median,batch2,batch2_011,449.0,858.5,409.5,91.20267260579065
median,batch2,batch2_012,466.0,858.5,392.5,84.2274678111588
median,batch2,batch2_013,460.0,858.5,398.5,86.6304347826087
median,batch2,batch2_014,426.0,858.5,432.5,101.52582159624413
median,batch2,batch2_017,471.0,858.5,387.5,82.27176220806794
median,batch2,batch2_018,449.0,858.5,409.5,91.20267260579065
median,batch2,batch2_019,392.0,858.5,466.5,119.00510204081633
median,batch2,batch2_020,489.0,858.5,369.5,75.56237218813907
median,batch2,batch2_021,408.0,858.5,450.5,110.41666666666667
median,batch2,batch2_024,514.0,858.5,344.5,67.02334630350195
median,batch2,batch2_025,493.0,858.5,365.5,74.13793103448276
median,batch2,batch2_026,450.0,858.5,408.5,90.77777777777777
median,batch2,batch2_027,474.0,858.5,384.5,81.11814345991561
median,batch2,batch2_028,437.0,858.5,421.5,96.45308924485126
median,batch2,batch2_029,452.0,858.5,406.5,89.93362831858407
median,batch2,batch2_030,412.0,858.5,446.5,108.37378640776699
median,batch2,batch2_031,425.0,858.5,433.5,102.0
median,batch2,batch2_032,809.0,858.5,49.5,6.118665018541409
median,batch2,batch2_033,1140.0,858.5,-281.5,24.69298245614035
median,batch2,batch2_034,1186.0,858.5,-327.5,27.613827993254638
median,batch2,batch2_041,442.0,858.5,416.5,94.23076923076923
median,batch2,batch2_042,474.0,858.5,384.5,81.11814345991561
median,batch2,batch2_043,1029.0,858.5,-170.5,16.569484936831877
median,batch2,batch2_044,841.0,858.5,17.5,2.080856123662307
median,batch2,batch2_045,997.0,858.5,-138.5,13.891675025075227
median,batch2,batch2_046,503.0,858.5,355.5,70.67594433399603
median,batch3,batch3_000,1009.0,858.5,-150.5,14.91575817641229
median,batch3,batch3_001,1063.0,858.5,-204.5,19.238005644402634
median,batch3,batch3_003,1115.0,858.5,-256.5,23.004484304932735
median,batch3,batch3_004,1048.0,858.5,-189.5,18.08206106870229
median,batch3,batch3_005,828.0,858.5,30.5,3.683574879227053
median,batch3,batch3_006,667.0,858.5,191.5,28.71064467766117
median,batch3,batch3_007,1836.0,858.5,-977.5,53.24074074074074
median,batch3,batch3_008,828.0,858.5,30.5,3.683574879227053
median,batch3,batch3_009,1039.0,858.5,-180.5,17.37247353224254
median,batch3,batch3_010,1078.0,858.5,-219.5,20.36178107606679
median,batch3,batch3_011,817.0,858.5,41.5,5.0795593635250915
median,batch3,batch3_012,932.0,858.5,-73.5,7.886266094420601
median,batch3,batch3_013,816.0,858.5,42.5,5.208333333333333
median,batch3,batch3_014,858.0,858.5,0.5,0.05827505827505827
median,batch3,batch3_015,876.0,858.5,-17.5,1.9977168949771689
median,batch3,batch3_016,1638.0,858.5,-779.5,47.588522588522586
median,batch3,batch3_017,1315.0,858.5,-456.5,34.7148288973384
median,batch3,batch3_018,1146.0,858.5,-287.5,25.087260034904013
median,batch3,batch3_019,1155.0,858.5,-296.5,25.67099567099567
median,batch3,batch3_020,813.0,858.5,45.5,5.596555965559656
median,batch3,batch3_021,772.0,858.5,86.5,11.204663212435234
median,batch3,batch3_022,1002.0,858.5,-143.5,14.321357285429142
median,batch3,batch3_024,825.0,858.5,33.5,4.0606060606060606
median,batch3,batch3_025,989.0,858.5,-130.5,13.195146612740142
median,batch3,batch3_026,1028.0,858.5,-169.5,16.488326848249027
median,batch3,batch3_027,850.0,858.5,8.5,1.0
median,batch3,batch3_028,541.0,858.5,317.5,58.68761552680222
median,batch3,batch3_029,858.0,858.5,0.5,0.05827505827505827
median,batch3,batch3_030,935.0,858.5,-76.5,8.181818181818182
median,batch3,batch3_031,731.0,858.5,127.5,17.441860465116278
median,batch3,batch3_033,1284.0,858.5,-425.5,33.138629283489095
median,batch3,batch3_034,1158.0,858.5,-299.5,25.86355785837651
median,batch3,batch3_035,1093.0,858.5,-234.5,21.454711802378775
median,batch3,batch3_036,923.0,858.5,-64.5,6.9880823401950165
median,batch3,batch3_038,1935.0,858.5,-1076.5,55.633074935400515
median,batch3,batch3_039,1156.0,858.5,-297.5,25.735294117647058
median,batch3,batch3_040,796.0,858.5,62.5,7.851758793969849
median,batch3,batch3_041,786.0,858.5,72.5,9.223918575063614
median,batch3,batch3_044,940.0,858.5,-81.5,8.670212765957446
median,batch3,batch3_045,1801.0,858.5,-942.5,52.332037756801775
linear_core,batch1_holdout,batch1_000,1190.0,1449.449497228546,259.4494972285461,21.80247875870135
linear_core,batch1_holdout,batch1_001,1179.0,1454.5065308478233,275.50653084782334,23.367814321274246
linear_core,batch1_holdout,batch1_002,1177.0,1323.6960073384148,146.6960073384148,12.463552025353849
linear_core,batch1_holdout,batch1_014,880.0,893.4174409569986,13.417440956998576,1.524709199658929
linear_core,batch1_holdout,batch1_015,719.0,837.5050716152796,118.50507161527958,16.481929292806615
linear_core,batch1_holdout,batch1_018,691.0,740.596558923044,49.59655892304397,7.177504909268303
linear_core,batch1_holdout,batch1_019,788.0,722.6316798562374,-65.36832014376262,8.29547209946226
linear_core,batch1_holdout,batch1_028,860.0,800.6226468622207,-59.37735313777932,6.904343388113874
linear_core,batch1_holdout,batch1_029,917.0,816.6712734263642,-100.32872657363578,10.940973454049702
linear_core,batch1_holdout,batch1_034,742.0,809.694092302742,67.69409230274198,9.123193032714552
linear_core,batch1_holdout,batch1_035,703.0,747.4263199215044,44.42631992150439,6.319533416999201
linear_core,batch2,batch2_000,477.0,793.090428517378,316.090428517378,66.26633721538323
linear_core,batch2,batch2_001,491.0,702.1932119268316,211.19321192683162,43.01287411951764
linear_core,batch2,batch2_002,424.0,597.5626073673225,173.56260736732247,40.934577209274174
linear_core,batch2,batch2_003,499.0,765.5248251132256,266.5248251132256,53.411788599844805
linear_core,batch2,batch2_004,444.0,565.856140010942,121.856140010942,27.44507657904099
linear_core,batch2,batch2_005,416.0,514.8353694611856,98.83536946118556,23.758502274323455
linear_core,batch2,batch2_006,393.0,731.0170670684868,338.01706706848677,86.00943182404244
linear_core,batch2,batch2_010,492.0,813.4608303798748,321.4608303798748,65.33756715038105
linear_core,batch2,batch2_011,449.0,762.2961000592167,313.29610005921666,69.77641426708611
linear_core,batch2,batch2_012,466.0,652.3531153107548,186.3531153107548,39.9899389078873
linear_core,batch2,batch2_013,460.0,671.9348087274992,211.93480872749922,46.07278450597809
linear_core,batch2,batch2_014,426.0,482.39226669717686,56.392266697176865,13.237621290417104
linear_core,batch2,batch2_017,471.0,727.8772164259702,256.87721642597023,54.53868713927181
linear_core,batch2,batch2_018,449.0,750.9349127747041,301.9349127747041,67.2460830233194
linear_core,batch2,batch2_019,392.0,643.9766690774393,251.97666907743928,64.27976251975493
linear_core,batch2,batch2_020,489.0,735.3530545842419,246.35305458424193,50.37894776773864
linear_core,batch2,batch2_021,408.0,692.0508609049676,284.05086090496764,69.6203090453352
linear_core,batch2,batch2_024,514.0,801.3483550126906,287.3483550126906,55.90434922425887
linear_core,batch2,batch2_025,493.0,794.8322984665158,301.8322984665158,61.22358995264012
linear_core,batch2,batch2_026,450.0,664.0938249562546,214.0938249562546,47.576405545834355
linear_core,batch2,batch2_027,474.0,747.0229609358584,273.02296093585835,57.59978078815577
linear_core,batch2,batch2_028,437.0,705.2259830820237,268.22598308202373,61.378943497030605
linear_core,batch2,batch2_029,452.0,830.7982029980465,378.79820299804646,83.8049121677094
linear_core,batch2,batch2_030,412.0,582.8956324593559,170.89563245935585,41.47952244159122
linear_core,batch2,batch2_031,425.0,696.8924865320148,271.8924865320148,63.97470271341525
linear_core,batch2,batch2_032,809.0,981.693024936089,172.69302493608905,21.346480214596916
linear_core,batch2,batch2_033,1140.0,908.835575560307,-231.164424439693,20.27758109120114
linear_core,batch2,batch2_034,1186.0,967.8243134255813,-218.1756865744187,18.395926355347278
linear_core,batch2,batch2_041,442.0,670.3580858024447,228.35808580244475,51.66472529467076
linear_core,batch2,batch2_042,474.0,803.4878992489147,329.4878992489147,69.5122150314166
linear_core,batch2,batch2_043,1029.0,1083.9352594548452,54.93525945484521,5.338703542744918
linear_core,batch2,batch2_044,841.0,1117.8073235363,276.8073235362999,32.91406938600475
linear_core,batch2,batch2_045,997.0,1050.7786723510947,53.778672351094656,5.394049383259243
linear_core,batch2,batch2_046,503.0,797.1865156665924,294.1865156665924,58.48638482437225
linear_core,batch3,batch3_000,1009.0,915.7985988094433,-93.20140119055668,9.237007055555667
linear_core,batch3,batch3_001,1063.0,904.84699382353,-158.15300617646994,14.877987410768574
linear_core,batch3,batch3_003,1115.0,808.0155631360582,-306.9844368639418,27.532236490039626
linear_core,batch3,batch3_004,1048.0,911.6998230992733,-136.30017690072668,13.005742070680029
linear_core,batch3,batch3_005,828.0,742.574003194235,-85.42599680576495,10.317149372676926
linear_core,batch3,batch3_006,667.0,499.88058639740035,-167.11941360259965,25.05538434821584
linear_core,batch3,batch3_007,1836.0,1016.7372267362205,-819.2627732637795,44.62215540652394
linear_core,batch3,batch3_008,828.0,831.5547005523754,3.5547005523753796,0.4293116609149009
linear_core,batch3,batch3_009,1039.0,812.4503446576731,-226.5496553423269,21.804586654699413
linear_core,batch3,batch3_010,1078.0,950.83084307823,-127.16915692176997,11.796767803503709
linear_core,batch3,batch3_011,817.0,747.4417964268886,-69.55820357311143,8.513856006500786
linear_core,batch3,batch3_012,932.0,816.8412170039155,-115.15878299608448,12.356092596146404
linear_core,batch3,batch3_013,816.0,831.6460771531906,15.646077153190618,1.9174114158321836
linear_core,batch3,batch3_014,858.0,843.9794619811255,-14.020538018874504,1.6340953401951637
linear_core,batch3,batch3_015,876.0,804.9396499013202,-71.0603500986798,8.11191211172144
linear_core,batch3,batch3_016,1638.0,1056.1865269173925,-581.8134730826075,35.51974805144124
linear_core,batch3,batch3_017,1315.0,966.3534271472046,-348.64657285279543,26.513047365231593
linear_core,batch3,batch3_018,1146.0,895.835937109246,-250.16406289075405,21.829324859577145
linear_core,batch3,batch3_019,1155.0,883.7807531446199,-271.2192468553801,23.482185874924685
linear_core,batch3,batch3_020,813.0,817.1409753630608,4.140975363060761,0.5093450631071047
linear_core,batch3,batch3_021,772.0,620.8602293698011,-151.13977063019888,19.577690496139752
linear_core,batch3,batch3_022,1002.0,747.191781337439,-254.808218662561,25.429961942371357
linear_core,batch3,batch3_024,825.0,748.4660488308734,-76.53395116912657,9.276842565954736
linear_core,batch3,batch3_025,989.0,824.2538546666658,-164.7461453333342,16.65785089315816
linear_core,batch3,batch3_026,1028.0,914.9665273604706,-113.03347263952935,10.995473992172116
linear_core,batch3,batch3_027,850.0,812.0273906747536,-37.97260932524637,4.467365802970161
linear_core,batch3,batch3_028,541.0,406.22456667787617,-134.77543332212383,24.912279726825105
linear_core,batch3,batch3_029,858.0,842.6150244777454,-15.38497552225465,1.7931206902394696
linear_core,batch3,batch3_030,935.0,860.7340255191439,-74.26597448085613,7.94288497121456
linear_core,batch3,batch3_031,731.0,734.5067802935695,3.506780293569477,0.47972370637065354
linear_core,batch3,batch3_033,1284.0,928.4717606846925,-355.5282393153075,27.68911521147254
linear_core,batch3,batch3_034,1158.0,882.8292811409946,-275.17071885900543,23.76258366658078
linear_core,batch3,batch3_035,1093.0,860.8685141216373,-232.1314858783627,21.23801334660226
linear_core,batch3,batch3_036,923.0,837.2418675676113,-85.75813243238872,9.291238616726838
linear_core,batch3,batch3_038,1935.0,954.5364073084951,-980.4635926915049,50.66995311067209
linear_core,batch3,batch3_039,1156.0,882.4076866018643,-273.59231339813573,23.667155138247036
linear_core,batch3,batch3_040,796.0,885.161819686642,89.16181968664205,11.201233628975132
linear_core,batch3,batch3_041,786.0,804.238733938429,18.23873393842905,2.3204496104871564
linear_core,batch3,batch3_044,940.0,878.1851740138833,-61.814825986116716,6.5760453176719915
linear_core,batch3,batch3_045,1801.0,1038.512486981925,-762.4875130180751,42.336896891619936
ridge_core_a0.1,batch1_holdout,batch1_000,1190.0,1447.6237303304756,257.6237303304756,21.64905296894753
ridge_core_a0.1,batch1_holdout,batch1_001,1179.0,1452.7350103273625,273.7350103273625,23.217558127850932
ridge_core_a0.1,batch1_holdout,batch1_002,1177.0,1322.3205996140164,145.32059961401637,12.346694954461883
ridge_core_a0.1,batch1_holdout,batch1_014,880.0,893.106633441102,13.106633441101962,1.4893901637615867
ridge_core_a0.1,batch1_holdout,batch1_015,719.0,837.3876822994202,118.38768229942025,16.465602545121037
ridge_core_a0.1,batch1_holdout,batch1_018,691.0,741.1146511649379,50.11465116493787,7.25248207886221
ridge_core_a0.1,batch1_holdout,batch1_019,788.0,722.8816915564377,-65.11830844356234,8.263744726340398
ridge_core_a0.1,batch1_holdout,batch1_028,860.0,800.43065135065,-59.56934864934999,6.9266684475988365
ridge_core_a0.1,batch1_holdout,batch1_029,917.0,816.7053855245749,-100.29461447542508,10.937253486960206
ridge_core_a0.1,batch1_holdout,batch1_034,742.0,809.7694796290834,67.76947962908343,9.133353049741702
ridge_core_a0.1,batch1_holdout,batch1_035,703.0,747.8800667903918,44.880066790391766,6.384077779572086
ridge_core_a0.1,batch2,batch2_000,477.0,793.355539090942,316.355539090942,66.32191595197945
ridge_core_a0.1,batch2,batch2_001,491.0,702.2260837712445,211.22608377124448,43.01956899618014
ridge_core_a0.1,batch2,batch2_002,424.0,598.1605424341152,174.1605424341152,41.07559963068755
ridge_core_a0.1,batch2,batch2_003,499.0,765.2962714905054,266.29627149050543,53.36598627064237
ridge_core_a0.1,batch2,batch2_004,444.0,566.5271955534172,122.52719555341719,27.5962152147336
ridge_core_a0.1,batch2,batch2_005,416.0,515.6541281875309,99.65412818753089,23.95531927584877
ridge_core_a0.1,batch2,batch2_006,393.0,730.9632250290963,337.9632250290963,85.99573155956648
ridge_core_a0.1,batch2,batch2_010,492.0,813.6616737945241,321.66167379452406,65.37838898262684
ridge_core_a0.1,batch2,batch2_011,449.0,762.297807151835,313.29780715183495,69.77679446588752
ridge_core_a0.1,batch2,batch2_012,466.0,653.166805895137,187.16680589513703,40.164550621274046
ridge_core_a0.1,batch2,batch2_013,460.0,672.560666923469,212.56066692346894,46.20884063553673
ridge_core_a0.1,batch2,batch2_014,426.0,483.5937332341216,57.5937332341216,13.519655688760938
ridge_core_a0.1,batch2,batch2_017,471.0,728.0576744113414,257.0576744113414,54.57700093659053
ridge_core_a0.1,batch2,batch2_018,449.0,751.1315158423089,302.1315158423089,67.28986989806434
ridge_core_a0.1,batch2,batch2_019,392.0,644.4569059815407,252.45690598154067,64.40227193406649
ridge_core_a0.1,batch2,batch2_020,489.0,735.306531020808,246.30653102080805,50.36943374658651
ridge_core_a0.1,batch2,batch2_021,408.0,692.1316399568755,284.13163995687546,69.64010783256751
ridge_core_a0.1,batch2,batch2_024,514.0,801.2442081124532,287.2442081124532,55.884087181411125
ridge_core_a0.1,batch2,batch2_025,493.0,794.9863542399047,301.9863542399047,61.25483858821596
ridge_core_a0.1,batch2,batch2_026,450.0,664.1948423574431,214.19484235744312,47.59885385720958
ridge_core_a0.1,batch2,batch2_027,474.0,747.0383931703038,273.03839317030383,57.60303653381937
ridge_core_a0.1,batch2,batch2_028,437.0,705.7007763051085,268.70077630510855,61.487591831832624
ridge_core_a0.1,batch2,batch2_029,452.0,830.9332536511959,378.93325365119586,83.83479063079554
ridge_core_a0.1,batch2,batch2_030,412.0,583.2730024219845,171.27300242198453,41.571117092714694
ridge_core_a0.1,batch2,batch2_031,425.0,697.0268344499766,272.0268344499766,64.00631398822979
ridge_core_a0.1,batch2,batch2_032,809.0,981.3831543778977,172.38315437789765,21.308177302583147
ridge_core_a0.1,batch2,batch2_033,1140.0,908.6717169582081,-231.3282830417919,20.291954652788764
ridge_core_a0.1,batch2,batch2_034,1186.0,966.694917347507,-219.30508265249296,18.491153680648647
ridge_core_a0.1,batch2,batch2_041,442.0,671.4200329702021,229.4200329702021,51.90498483488735
ridge_core_a0.1,batch2,batch2_042,474.0,803.739958060089,329.73995806008895,69.56539199579936
ridge_core_a0.1,batch2,batch2_043,1029.0,1082.8024136752426,53.80241367524263,5.228611630247097
ridge_core_a0.1,batch2,batch2_044,841.0,1116.570502944168,275.5705029441681,32.76700391726136
ridge_core_a0.1,batch2,batch2_045,997.0,1049.3548744732404,52.35487447324044,5.251241170836554
ridge_core_a0.1,batch2,batch2_046,503.0,797.9858448056972,294.9858448056972,58.64529717807101
ridge_core_a0.1,batch3,batch3_000,1009.0,915.766703347356,-93.23329665264396,9.240168151897318
ridge_core_a0.1,batch3,batch3_001,1063.0,904.1290086905242,-158.8709913094758,14.945530697034414
ridge_core_a0.1,batch3,batch3_003,1115.0,807.2450632392823,-307.75493676071767,27.601339619795308
ridge_core_a0.1,batch3,batch3_004,1048.0,911.6815562258199,-136.31844377418008,13.007485092956115
ridge_core_a0.1,batch3,batch3_005,828.0,742.1951176079779,-85.80488239202214,10.36290850145195
ridge_core_a0.1,batch3,batch3_006,667.0,500.60393039731116,-166.39606960268884,24.946936971917367
ridge_core_a0.1,batch3,batch3_007,1836.0,1016.246709922218,-819.753290077782,44.64887200859379
ridge_core_a0.1,batch3,batch3_008,828.0,831.5401531664203,3.540153166420282,0.42755473024399543
ridge_core_a0.1,batch3,batch3_009,1039.0,812.4587441573813,-226.54125584261874,21.80377823316831
ridge_core_a0.1,batch3,batch3_010,1078.0,950.6319426811082,-127.36805731889183,11.815218675221876
ridge_core_a0.1,batch3,batch3_011,817.0,747.3442729670948,-69.65572703290525,8.525792782485343
ridge_core_a0.1,batch3,batch3_012,932.0,816.7837311052949,-115.21626889470508,12.362260611019858
ridge_core_a0.1,batch3,batch3_013,816.0,831.3341393074475,15.334139307447458,1.8791837386577768
ridge_core_a0.1,batch3,batch3_014,858.0,843.8679589795672,-14.13204102043278,1.6470910280224684
ridge_core_a0.1,batch3,batch3_015,876.0,804.8641485729371,-71.1358514270629,8.120530984824532
ridge_core_a0.1,batch3,batch3_016,1638.0,1055.0193165355117,-582.9806834644883,35.59100631651332
ridge_core_a0.1,batch3,batch3_017,1315.0,965.3938413333697,-349.60615866663034,26.586019670466186
ridge_core_a0.1,batch3,batch3_018,1146.0,895.0113157216655,-250.98868427833452,21.90128135064001
ridge_core_a0.1,batch3,batch3_019,1155.0,883.026067873961,-271.973932126039,23.54752659099905
ridge_core_a0.1,batch3,batch3_020,813.0,817.1579545455833,4.157954545583266,0.5114335234419761
ridge_core_a0.1,batch3,batch3_021,772.0,620.9743245852202,-151.0256754147798,19.56291132315801
ridge_core_a0.1,batch3,batch3_022,1002.0,747.0383062901037,-254.96169370989628,25.4452788133629
ridge_core_a0.1,batch3,batch3_024,825.0,748.3242377793538,-76.67576222064622,9.294031784320754
ridge_core_a0.1,batch3,batch3_025,989.0,823.575637934374,-165.42436206562604,16.726426902489994
ridge_core_a0.1,batch3,batch3_026,1028.0,913.9306808780016,-114.06931912199843,11.09623726867689
ridge_core_a0.1,batch3,batch3_027,850.0,811.4658265920281,-38.534173407971934,4.533432165643757
ridge_core_a0.1,batch3,batch3_028,541.0,406.8236792011878,-134.17632079881218,24.801538040445877
ridge_core_a0.1,batch3,batch3_029,858.0,843.0530823480666,-14.946917651933404,1.7420649943978326
ridge_core_a0.1,batch3,batch3_030,935.0,860.8421214525566,-74.15787854744337,7.931323908817474
ridge_core_a0.1,batch3,batch3_031,731.0,734.4984387997031,3.498438799703081,0.47858259913858836
ridge_core_a0.1,batch3,batch3_033,1284.0,928.1897569470206,-355.81024305297944,27.71107811939092
ridge_core_a0.1,batch3,batch3_034,1158.0,881.9341462394681,-276.0658537605319,23.83988374443281
ridge_core_a0.1,batch3,batch3_035,1093.0,860.0994126212518,-232.90058737874824,21.3083794491078
ridge_core_a0.1,batch3,batch3_036,923.0,836.4698901143861,-86.53010988561391,9.374876477314617
ridge_core_a0.1,batch3,batch3_038,1935.0,953.6779440263343,-981.3220559736657,50.71431813817394
ridge_core_a0.1,batch3,batch3_039,1156.0,882.0985920091231,-273.9014079908769,23.69389342481634
ridge_core_a0.1,batch3,batch3_040,796.0,884.7397249721362,88.73972497213617,11.148206654790977
ridge_core_a0.1,batch3,batch3_041,786.0,804.2066520561818,18.206652056181838,2.3163679460791142
ridge_core_a0.1,batch3,batch3_044,940.0,877.9278733162175,-62.07212668378247,6.6034177323172845
ridge_core_a0.1,batch3,batch3_045,1801.0,1037.972476179585,-763.0275238204149,42.366880834004164
ridge_core_a1,batch1_holdout,batch1_000,1190.0,1431.7614666091554,241.76146660915538,20.316089631021462
ridge_core_a1,batch1_holdout,batch1_001,1179.0,1437.3241046027756,258.3241046027756,21.910441442135337
ridge_core_a1,batch1_holdout,batch1_002,1177.0,1310.350929212115,133.35092921211503,11.329730604257863
ridge_core_a1,batch1_holdout,batch1_014,880.0,890.4365355952958,10.436535595295823,1.185969954010889
ridge_core_a1,batch1_holdout,batch1_015,719.0,836.3819246620608,117.38192466206078,16.32571970265101
ridge_core_a1,batch1_holdout,batch1_018,691.0,745.5419333756457,54.541933375645726,7.893188621656401
ridge_core_a1,batch1_holdout,batch1_019,788.0,725.076742348139,-62.923257651861036,7.985184981200639
ridge_core_a1,batch1_holdout,batch1_028,860.0,798.842230159497,-61.157769840502965,7.111368586104996
ridge_core_a1,batch1_holdout,batch1_029,917.0,817.0021325248706,-99.9978674751294,10.904892854430686
ridge_core_a1,batch1_holdout,batch1_034,742.0,810.4162967656285,68.41629676562854,9.220525170569884
ridge_core_a1,batch1_holdout,batch1_035,703.0,751.7511352957423,48.7511352957423,6.9347276380856755
ridge_core_a1,batch2,batch2_000,477.0,795.6437374421341,318.6437374421341,66.8016221052692
ridge_core_a1,batch2,batch2_001,491.0,702.5948449812255,211.5948449812255,43.09467311226589
ridge_core_a1,batch2,batch2_002,424.0,603.3710242553101,179.3710242553101,42.30448685266747
ridge_core_a1,batch2,batch2_003,499.0,763.4093879766623,264.4093879766623,52.98785330193633
ridge_core_a1,batch2,batch2_004,444.0,572.3807229213407,128.38072292134075,28.914577234536203
ridge_core_a1,batch2,batch2_005,416.0,522.7907182700894,106.79071827008943,25.670845738002264
ridge_core_a1,batch2,batch2_006,393.0,730.5749166632759,337.57491666327587,85.89692535961218
ridge_core_a1,batch2,batch2_010,492.0,815.3955114044826,323.3955114044826,65.7307950009111
ridge_core_a1,batch2,batch2_011,449.0,762.3665419234916,313.3665419234916,69.7921028782832
ridge_core_a1,batch2,batch2_012,466.0,660.1893104592475,194.1893104592475,41.671525849623926
ridge_core_a1,batch2,batch2_013,460.0,677.9744212767944,217.97442127679437,47.38574375582487
ridge_core_a1,batch2,batch2_014,426.0,493.99267848522084,67.99267848522084,15.960722649112872
ridge_core_a1,batch2,batch2_017,471.0,729.6597765807365,258.65977658073655,54.917150017141516
ridge_core_a1,batch2,batch2_018,449.0,752.8528981585333,303.8528981585333,67.67325126025241
ridge_core_a1,batch2,batch2_019,392.0,648.650638426852,256.65063842685197,65.47210163950305
ridge_core_a1,batch2,batch2_020,489.0,734.9808113418464,245.98081134184645,50.30282440528558
ridge_core_a1,batch2,batch2_021,408.0,692.9110810443466,284.9110810443466,69.83114731479083
ridge_core_a1,batch2,batch2_024,514.0,800.3906630647145,286.39066306471454,55.71802783360205
ridge_core_a1,batch2,batch2_025,493.0,796.330007872995,303.330007872995,61.52738496409635
ridge_core_a1,batch2,batch2_026,450.0,665.1630839150057,215.1630839150057,47.814018647779044
ridge_core_a1,batch2,batch2_027,474.0,747.2311784750997,273.2311784750997,57.64370853905057
ridge_core_a1,batch2,batch2_028,437.0,709.8138185181349,272.8138185181349,62.428791422914166
ridge_core_a1,batch2,batch2_029,452.0,832.0984930189974,380.0984930189974,84.09258695110562
ridge_core_a1,batch2,batch2_030,412.0,586.6276172214929,174.62761722149287,42.38534398579924
ridge_core_a1,batch2,batch2_031,425.0,698.2576034642726,273.2576034642726,64.29590669747591
ridge_core_a1,batch2,batch2_032,809.0,978.6794244966549,169.67942449665486,20.973970889574147
ridge_core_a1,batch2,batch2_033,1140.0,907.2402057430741,-232.75979425692594,20.41752581201105
ridge_core_a1,batch2,batch2_034,1186.0,957.0352210751786,-228.96477892482142,19.305630600743793
ridge_core_a1,batch2,batch2_041,442.0,680.5397915725862,238.53979157258618,53.96827863633172
ridge_core_a1,batch2,batch2_042,474.0,805.9123681880284,331.9123681880284,70.02370636878237
ridge_core_a1,batch2,batch2_043,1029.0,1073.060800638141,44.06080063814102,4.28190482392041
ridge_core_a1,batch2,batch2_044,841.0,1105.9270188391342,264.92701883913423,31.501429112857817
ridge_core_a1,batch2,batch2_045,997.0,1037.1640725554978,40.164072555497796,4.028492733751032
ridge_core_a1,batch2,batch2_046,503.0,804.8040105466168,301.80401054661684,60.000797325371146
ridge_core_a1,batch3,batch3_000,1009.0,915.4509747759205,-93.54902522407951,9.271459387916702
ridge_core_a1,batch3,batch3_001,1063.0,897.99630217351,-165.00369782649,15.522455110676386
ridge_core_a1,batch3,batch3_003,1115.0,800.7201688918348,-314.27983110816524,28.18653193795204
ridge_core_a1,batch3,batch3_004,1048.0,911.4855031636428,-136.51449683635724,13.026192446217294
ridge_core_a1,batch3,batch3_005,828.0,739.0256571795697,-88.97434282043025,10.745693577346648
ridge_core_a1,batch3,batch3_006,667.0,506.9252489989568,-160.07475100104318,23.99921304363466
ridge_core_a1,batch3,batch3_007,1836.0,1011.982070227345,-824.017929772655,44.88115085907707
ridge_core_a1,batch3,batch3_008,828.0,831.4182491472772,3.4182491472771517,0.4128320226180135
ridge_core_a1,batch3,batch3_009,1039.0,812.5443500511489,-226.45564994885115,21.795538974865362
ridge_core_a1,batch3,batch3_010,1078.0,948.8767739671835,-129.12322603281655,11.9780358100943
ridge_core_a1,batch3,batch3_011,817.0,746.5665171727265,-70.43348282727345,8.62098933014363
ridge_core_a1,batch3,batch3_012,932.0,816.309194630844,-115.69080536915601,12.413176541754936
ridge_core_a1,batch3,batch3_013,816.0,828.688855316043,12.688855316043032,1.5550067789268422
ridge_core_a1,batch3,batch3_014,858.0,842.9199795978445,-15.08002040215547,1.7575781354493554
ridge_core_a1,batch3,batch3_015,876.0,804.2410824437248,-71.75891755627515,8.191657255282552
ridge_core_a1,batch3,batch3_016,1638.0,1044.9873176728502,-593.0126823271498,36.203460459532955
ridge_core_a1,batch3,batch3_017,1315.0,957.1759258444966,-357.82407415550335,27.21095620954398
ridge_core_a1,batch3,batch3_018,1146.0,887.9792776619115,-258.0207223380885,22.514897237180495
ridge_core_a1,batch3,batch3_019,1155.0,876.595888684799,-278.404111315201,24.104252061922164
ridge_core_a1,batch3,batch3_020,813.0,817.3114979183316,4.311497918331611,0.5303195471502596
ridge_core_a1,batch3,batch3_021,772.0,622.0606567536822,-149.93934324631778,19.42219472102562
ridge_core_a1,batch3,batch3_022,1002.0,745.7810962668882,-256.2189037331118,25.57074887556006
ridge_core_a1,batch3,batch3_024,825.0,747.1621090548836,-77.83789094511644,9.434895872135327
ridge_core_a1,batch3,batch3_025,989.0,817.8247336045933,-171.17526639540665,17.307913690132118
ridge_core_a1,batch3,batch3_026,1028.0,905.0979592899381,-122.9020407100619,11.955451430939874
ridge_core_a1,batch3,batch3_027,850.0,806.7112728532193,-43.28872714678073,5.092791429033027
ridge_core_a1,batch3,batch3_028,541.0,412.1398920165185,-128.8601079834815,23.818873934100093
ridge_core_a1,batch3,batch3_029,858.0,846.7667025505345,-11.233297449465454,1.3092421269773256
ridge_core_a1,batch3,batch3_030,935.0,861.7459897424113,-73.25401025758867,7.834653503485419
ridge_core_a1,batch3,batch3_031,731.0,734.4851732872464,3.4851732872464254,0.4767678915521786
ridge_core_a1,batch3,batch3_033,1284.0,925.7411061230017,-358.2588938769983,27.90178301222728
ridge_core_a1,batch3,batch3_034,1158.0,874.3087705097521,-283.6912294902479,24.498379057879784
ridge_core_a1,batch3,batch3_035,1093.0,853.5564661670389,-239.44353383296107,21.90700218050879
ridge_core_a1,batch3,batch3_036,923.0,829.9137755089469,-93.08622449105314,10.085181418315617
ridge_core_a1,batch3,batch3_038,1935.0,946.3268401874084,-988.6731598125916,51.094220145353574
ridge_core_a1,batch3,batch3_039,1156.0,879.4413127766545,-276.5586872233455,23.923761870531617
ridge_core_a1,batch3,batch3_040,796.0,881.1270827283364,85.1270827283364,10.694357126675428
ridge_core_a1,batch3,batch3_041,786.0,803.9457804028713,17.945780402871264,2.2831781683042323
ridge_core_a1,batch3,batch3_044,940.0,875.7218330407552,-64.2781669592448,6.838102868004766
ridge_core_a1,batch3,batch3_045,1801.0,1033.276068993019,-767.723931006981,42.62764747401338
ridge_core_a10,batch1_holdout,batch1_000,1190.0,1313.1475672160464,123.14756721604635,10.348535060171963
ridge_core_a10,batch1_holdout,batch1_001,1179.0,1320.9579884437796,141.95798844377964,12.040541852737883
ridge_core_a10,batch1_holdout,batch1_002,1177.0,1219.6664526590816,42.66645265908164,3.6250172182737166
ridge_core_a10,batch1_holdout,batch1_014,880.0,872.2395486838043,-7.760451316195713,0.8818694677495128
ridge_core_a10,batch1_holdout,batch1_015,719.0,829.8229296028381,110.82292960283814,15.413481168684026
ridge_core_a10,batch1_holdout,batch1_018,691.0,774.4607126750445,83.46071267504453,12.078250748921059
ridge_core_a10,batch1_holdout,batch1_019,788.0,742.7242420093347,-45.275757990665284,5.745654567343309
ridge_core_a10,batch1_holdout,batch1_028,860.0,791.4642875812302,-68.53571241876978,7.969268885903463
ridge_core_a10,batch1_holdout,batch1_029,917.0,819.2445859993925,-97.75541400060752,10.660350490796894
ridge_core_a10,batch1_holdout,batch1_034,742.0,814.827600869995,72.82760086999497,9.815040548516842
ridge_core_a10,batch1_holdout,batch1_035,703.0,776.8007870910814,73.80078709108136,10.497978249086966
ridge_core_a10,batch2,batch2_000,477.0,811.7066871690516,334.70668716905163,70.16911680692907
ridge_core_a10,batch2,batch2_001,491.0,710.3623636664715,219.36236366647154,44.67665247789645
ridge_core_a10,batch2,batch2_002,424.0,643.2874293607972,219.2874293607972,51.71873333981066
ridge_core_a10,batch2,batch2_003,499.0,755.3039286928658,256.30392869286584,51.36351276410137
ridge_core_a10,batch2,batch2_004,444.0,617.5279570494115,173.5279570494115,39.08287320932691
ridge_core_a10,batch2,batch2_005,416.0,577.501705587014,161.50170558701404,38.82252538149376
ridge_core_a10,batch2,batch2_006,393.0,732.5137705853733,339.5137705853733,86.390272413581
ridge_core_a10,batch2,batch2_010,492.0,827.5355672188145,335.53556721881455,68.19828602008425
ridge_core_a10,batch2,batch2_011,449.0,766.1107707543076,317.1107707543076,70.62600684951173
ridge_core_a10,batch2,batch2_012,466.0,709.6679919524624,243.66799195246244,52.2892686593267
ridge_core_a10,batch2,batch2_013,460.0,716.8999934784919,256.89999347849187,55.84782466923736
ridge_core_a10,batch2,batch2_014,426.0,569.2618528228676,143.26185282286758,33.6295429161661
ridge_core_a10,batch2,batch2_017,471.0,743.6835074579825,272.6835074579825,57.89458757069692
ridge_core_a10,batch2,batch2_018,449.0,766.5283028397984,317.52830283979836,70.7189984053003
ridge_core_a10,batch2,batch2_019,392.0,681.2394713688227,289.2394713688227,73.78557943082212
ridge_core_a10,batch2,batch2_020,489.0,737.2939927928387,248.2939927928387,50.77586764679728
ridge_core_a10,batch2,batch2_021,408.0,703.4230631167102,295.4230631167102,72.4076135089976
ridge_core_a10,batch2,batch2_024,514.0,797.1058392542992,283.1058392542992,55.078957053365606
ridge_core_a10,batch2,batch2_025,493.0,806.5983843298612,313.59838432986123,63.61021994520512
ridge_core_a10,batch2,batch2_026,450.0,677.8690975402088,227.86909754020883,50.637577231157515
ridge_core_a10,batch2,batch2_027,474.0,752.2090598536231,278.2090598536231,58.69389448388673
ridge_core_a10,batch2,batch2_028,437.0,739.745118056976,302.745118056976,69.2780590519396
ridge_core_a10,batch2,batch2_029,452.0,840.1816779316811,388.18167793168107,85.88090219727457
ridge_core_a10,batch2,batch2_030,412.0,616.313123524772,204.31312352477198,49.590563962323294
ridge_core_a10,batch2,batch2_031,425.0,711.2808172386353,286.28081723863534,67.36019229144361
ridge_core_a10,batch2,batch2_032,809.0,957.7365939584188,148.73659395841878,18.385240291522717
ridge_core_a10,batch2,batch2_033,1140.0,896.1132893416968,-243.88671065830317,21.393571110377472
ridge_core_a10,batch2,batch2_034,1186.0,894.3248138304582,-291.6751861695418,24.593186017667943
ridge_core_a10,batch2,batch2_041,442.0,742.0113713798108,300.01137137981084,67.87587587778526
ridge_core_a10,batch2,batch2_042,474.0,820.9539610208666,346.9539610208666,73.19703819005623
ridge_core_a10,batch2,batch2_043,1029.0,1006.402626583378,-22.597373416621963,2.196051838350045
ridge_core_a10,batch2,batch2_044,841.0,1032.6265099989487,191.62650999894868,22.785554102134206
ridge_core_a10,batch2,batch2_045,997.0,957.0329134134856,-39.96708658651437,4.008734863241161
ridge_core_a10,batch2,batch2_046,503.0,847.8705082337393,344.8705082337393,68.562725294978
ridge_core_a10,batch3,batch3_000,1009.0,910.7712373031247,-98.22876269687526,9.735258939234418
ridge_core_a10,batch3,batch3_001,1063.0,858.7177035824076,-204.28229641759242,19.217525533169557
ridge_core_a10,batch3,batch3_003,1115.0,762.4650847879014,-352.53491521209855,31.617481184941575
ridge_core_a10,batch3,batch3_004,1048.0,907.759163005644,-140.24083699435596,13.381759255186637
ridge_core_a10,batch3,batch3_005,828.0,723.0019282507399,-104.99807174926013,12.680926539765716
ridge_core_a10,batch3,batch3_006,667.0,556.5416728640125,-110.45832713598747,16.56046883598013
ridge_core_a10,batch3,batch3_007,1836.0,979.9942432596381,-856.0057567403619,46.62340722986721
ridge_core_a10,batch3,batch3_008,828.0,830.8477446705374,2.847744670537395,0.34393051576538586
ridge_core_a10,batch3,batch3_009,1039.0,814.0031533409416,-224.9968466590584,21.65513442339349
ridge_core_a10,batch3,batch3_010,1078.0,934.1787247394974,-143.8212752605026,13.341491211549407
ridge_core_a10,batch3,batch3_011,817.0,745.0885287914449,-71.9114712085551,8.801893660777859
ridge_core_a10,batch3,batch3_012,932.0,814.3227075895759,-117.67729241042412,12.626318928157096
ridge_core_a10,batch3,batch3_013,816.0,812.9770631840571,-3.0229368159428986,0.3704579431302572
ridge_core_a10,batch3,batch3_014,858.0,837.1392714724112,-20.860728527588776,2.431320341210813
ridge_core_a10,batch3,batch3_015,876.0,801.6623094951808,-74.3376905048192,8.486037728860639
ridge_core_a10,batch3,batch3_016,1638.0,976.8205010428417,-661.1794989571583,40.3650487763833
ridge_core_a10,batch3,batch3_017,1315.0,903.1738363087314,-411.82616369126856,31.31757898792917
ridge_core_a10,batch3,batch3_018,1146.0,843.6455773344074,-302.35442266559255,26.383457475182595
ridge_core_a10,batch3,batch3_019,1155.0,836.3873597753802,-318.6126402246198,27.585509976157557
ridge_core_a10,batch3,batch3_020,813.0,818.8959864000207,5.895986400020661,0.7252135793383346
ridge_core_a10,batch3,batch3_021,772.0,636.1128088997427,-135.88719110025727,17.60196775910068
ridge_core_a10,batch3,batch3_022,1002.0,741.1832108459504,-260.8167891540496,26.029619676052857
ridge_core_a10,batch3,batch3_024,825.0,742.9245057938259,-82.07549420617408,9.948544752263524
ridge_core_a10,batch3,batch3_025,989.0,783.6431021854863,-205.35689781451367,20.764094824521102
ridge_core_a10,batch3,batch3_026,1028.0,849.4034443078069,-178.59655569219308,17.373205806633568
ridge_core_a10,batch3,batch3_027,850.0,778.9239369462277,-71.07606305377226,8.36188977103203
ridge_core_a10,batch3,batch3_028,541.0,458.85383381917745,-82.14616618082255,15.184134229357218
ridge_core_a10,batch3,batch3_029,858.0,868.8885994426068,10.888599442606846,1.2690675341033621
ridge_core_a10,batch3,batch3_030,935.0,866.3766341305308,-68.62336586946924,7.339397419194571
ridge_core_a10,batch3,batch3_031,731.0,738.078683291604,7.078683291603966,0.968356127442403
ridge_core_a10,batch3,batch3_033,1284.0,907.6265984148432,-376.3734015851568,29.31257021691252
ridge_core_a10,batch3,batch3_034,1158.0,826.7540925747428,-331.2459074252572,28.60500064121392
ridge_core_a10,batch3,batch3_035,1093.0,813.3099831835725,-279.6900168164275,25.58920556417452
ridge_core_a10,batch3,batch3_036,923.0,790.3187343559157,-132.6812656440843,14.375001694917042
ridge_core_a10,batch3,batch3_038,1935.0,898.055583628978,-1036.944416371022,53.5888587271846
ridge_core_a10,batch3,batch3_039,1156.0,861.4645797912243,-294.5354202087757,25.478842578613815
ridge_core_a10,batch3,batch3_040,796.0,857.5806114757844,61.580611475784394,7.7362577230884915
ridge_core_a10,batch3,batch3_041,786.0,803.2207381251517,17.220738125151684,2.190933603708866
ridge_core_a10,batch3,batch3_044,940.0,861.0908596359673,-78.90914036403274,8.394589400429014
ridge_core_a10,batch3,batch3_045,1801.0,997.9487246142087,-803.0512753857913,44.58918797255921
ridge_policy_a1,batch1_holdout,batch1_000,1190.0,1398.210138606823,208.21013860682297,17.496650303094366
ridge_policy_a1,batch1_holdout,batch1_001,1179.0,1404.8718179803896,225.87181798038955,19.157915011059334
ridge_policy_a1,batch1_holdout,batch1_002,1177.0,1341.0308494773017,164.03084947730167,13.936350847689182
ridge_policy_a1,batch1_holdout,batch1_014,880.0,849.8284827057313,-30.17151729426871,3.4285815107123536
ridge_policy_a1,batch1_holdout,batch1_015,719.0,798.7607969137702,79.76079691377015,11.093295815545224
ridge_policy_a1,batch1_holdout,batch1_018,691.0,745.7044689371841,54.70446893718406,7.916710410591037
ridge_policy_a1,batch1_holdout,batch1_019,788.0,729.7941072696784,-58.20589273032158,7.3865346104469
ridge_policy_a1,batch1_holdout,batch1_028,860.0,789.6533776442726,-70.34662235572739,8.17983980880551
ridge_policy_a1,batch1_holdout,batch1_029,917.0,812.5926853634663,-104.40731463653367,11.385748597222864
ridge_policy_a1,batch1_holdout,batch1_034,742.0,802.7828199762199,60.78281997621991,8.191754713776268
ridge_policy_a1,batch1_holdout,batch1_035,703.0,760.4178953943955,57.41789539439549,8.167552687680724
ridge_policy_a1,batch2,batch2_000,477.0,874.3593729950924,397.3593729950924,83.3038517809418
ridge_policy_a1,batch2,batch2_001,491.0,826.4842455848337,335.48424558483373,68.32673026167693
ridge_policy_a1,batch2,batch2_002,424.0,692.1781144869997,268.1781144869997,63.24955530353766
ridge_policy_a1,batch2,batch2_003,499.0,851.8291624360502,352.8291624360502,70.70724698117237
ridge_policy_a1,batch2,batch2_004,444.0,715.0047287217731,271.00472872177306,61.0371010634624
ridge_policy_a1,batch2,batch2_005,416.0,646.9216418788742,230.9216418788742,55.51001006703707
ridge_policy_a1,batch2,batch2_006,393.0,804.1832250178902,411.1832250178902,104.62677481371253
ridge_policy_a1,batch2,batch2_010,492.0,916.3497385042696,424.34973850426957,86.24994685046128
ridge_policy_a1,batch2,batch2_011,449.0,846.2765320125518,397.2765320125518,88.48029666203826
ridge_policy_a1,batch2,batch2_012,466.0,823.9371781778019,357.9371781778019,76.81055325703903
ridge_policy_a1,batch2,batch2_013,460.0,795.6127587300936,335.61275873009356,72.95929537610729
ridge_policy_a1,batch2,batch2_014,426.0,610.5971408552859,184.59714085528594,43.33266217260233
ridge_policy_a1,batch2,batch2_017,471.0,807.2740172016667,336.27401720166665,71.39575736765747
ridge_policy_a1,batch2,batch2_018,449.0,785.7198867798595,336.7198867798595,74.99329326945646
ridge_policy_a1,batch2,batch2_019,392.0,696.6561624010432,304.65616240104316,77.71840877577631
ridge_policy_a1,batch2,batch2_020,489.0,823.6466806552187,334.6466806552187,68.43490401947211
ridge_policy_a1,batch2,batch2_021,408.0,733.0482213563354,325.0482213563354,79.66868170498417
ridge_policy_a1,batch2,batch2_024,514.0,857.3406996558462,343.34069965584615,66.79780148946423
ridge_policy_a1,batch2,batch2_025,493.0,864.1249041220252,371.1249041220252,75.27888521744933
ridge_policy_a1,batch2,batch2_026,450.0,806.2959851350661,356.2959851350661,79.17688558557023
ridge_policy_a1,batch2,batch2_027,474.0,830.8468983466937,356.8468983466937,75.28415576934466
ridge_policy_a1,batch2,batch2_028,437.0,816.4385478293982,379.4385478293982,86.82804298155565
ridge_policy_a1,batch2,batch2_029,452.0,906.1922506910224,454.1922506910224,100.48501121482796
ridge_policy_a1,batch2,batch2_030,412.0,735.7450934869966,323.74509348699655,78.57890618616422
ridge_policy_a1,batch2,batch2_031,425.0,809.6688213438674,384.6688213438674,90.51031090443941
ridge_policy_a1,batch2,batch2_032,809.0,923.9627245346096,114.9627245346096,14.210472748406627
ridge_policy_a1,batch2,batch2_033,1140.0,815.2519340350335,-324.7480659649665,28.486672453067236
ridge_policy_a1,batch2,batch2_034,1186.0,817.4305048619372,-368.56949513806285,31.076685930696698
ridge_policy_a1,batch2,batch2_041,442.0,833.7393567008069,391.73935670080687,88.62881373321423
ridge_policy_a1,batch2,batch2_042,474.0,890.9329905791308,416.9329905791308,87.9605465356816
ridge_policy_a1,batch2,batch2_043,1029.0,986.3267164072267,-42.67328359277326,4.147063517276313
ridge_policy_a1,batch2,batch2_044,841.0,984.2887685924204,143.2887685924204,17.03790351871824
ridge_policy_a1,batch2,batch2_045,997.0,960.9303226418167,-36.0696773581833,3.6178211994165794
ridge_policy_a1,batch2,batch2_046,503.0,892.6540044004278,389.65400440042777,77.46600485097969
ridge_policy_a1,batch3,batch3_000,1009.0,826.8769291752119,-182.1230708247881,18.04985835726344
ridge_policy_a1,batch3,batch3_001,1063.0,791.75907992568,-271.24092007432,25.516549395514584
ridge_policy_a1,batch3,batch3_003,1115.0,731.1238747382438,-383.8761252617562,34.42835204141311
ridge_policy_a1,batch3,batch3_004,1048.0,838.2286097881231,-209.7713902118769,20.01635402785085
ridge_policy_a1,batch3,batch3_005,828.0,669.6721968833847,-158.3278031166153,19.121715352248227
ridge_policy_a1,batch3,batch3_006,667.0,539.9685997570909,-127.03140024290906,19.045187442715
ridge_policy_a1,batch3,batch3_007,1836.0,875.1911694543742,-960.8088305456258,52.33163565063322
ridge_policy_a1,batch3,batch3_008,828.0,777.5007162302879,-50.499283769712065,6.098947315182617
ridge_policy_a1,batch3,batch3_009,1039.0,775.8408467266015,-263.1591532733985,25.328118698113425
ridge_policy_a1,batch3,batch3_010,1078.0,829.5731814084678,-248.4268185915322,23.045159424075344
ridge_policy_a1,batch3,batch3_011,817.0,739.5756951403564,-77.4243048596436,9.476659101547565
ridge_policy_a1,batch3,batch3_012,932.0,786.2978713018348,-145.7021286981652,15.633275611391118
ridge_policy_a1,batch3,batch3_013,816.0,773.9787725083669,-42.02122749163311,5.149660231817783
ridge_policy_a1,batch3,batch3_014,858.0,800.9117523613749,-57.08824763862515,6.653641915923677
ridge_policy_a1,batch3,batch3_015,876.0,769.8284637911727,-106.17153620882732,12.120038380003118
ridge_policy_a1,batch3,batch3_016,1638.0,860.7252578437412,-777.2747421562588,47.452670461310056
ridge_policy_a1,batch3,batch3_017,1315.0,815.7756017883672,-499.2243982116328,37.96383256362227
ridge_policy_a1,batch3,batch3_018,1146.0,796.7157002921437,-349.28429970785635,30.478560183931616
ridge_policy_a1,batch3,batch3_019,1155.0,794.8492321615653,-360.1507678384347,31.181884661336337
ridge_policy_a1,batch3,batch3_020,813.0,769.1632283680361,-43.83677163196387,5.391976830499861
ridge_policy_a1,batch3,batch3_021,772.0,614.5428755075577,-157.4571244924423,20.396000581922575
ridge_policy_a1,batch3,batch3_022,1002.0,630.2700095835189,-371.7299904164811,37.098801438770565
ridge_policy_a1,batch3,batch3_024,825.0,677.931947757875,-147.06805224212496,17.826430574803027
ridge_policy_a1,batch3,batch3_025,989.0,742.9873595864861,-246.01264041351385,24.874887807230923
ridge_policy_a1,batch3,batch3_026,1028.0,821.8024554032758,-206.19754459672424,20.058126906296135
ridge_policy_a1,batch3,batch3_027,850.0,734.1593822048726,-115.8406177951274,13.628307975897341
ridge_policy_a1,batch3,batch3_028,541.0,461.4396137896359,-79.56038621036407,14.706171203394467
ridge_policy_a1,batch3,batch3_029,858.0,798.4767127733774,-59.52328722662264,6.937446063708933
ridge_policy_a1,batch3,batch3_030,935.0,798.3273548546517,-136.67264514534827,14.617395202711045
ridge_policy_a1,batch3,batch3_031,731.0,666.6595022389531,-64.34049776104689,8.801709680033774
ridge_policy_a1,batch3,batch3_033,1284.0,802.4072160198957,-481.5927839801043,37.50722616667479
ridge_policy_a1,batch3,batch3_034,1158.0,763.1666693280516,-394.8333306719484,34.09614254507326
ridge_policy_a1,batch3,batch3_035,1093.0,766.4784662495427,-326.52153375045725,29.8738823193465
ridge_policy_a1,batch3,batch3_036,923.0,729.04115001824,-193.95884998175995,21.013959911349943
ridge_policy_a1,batch3,batch3_038,1935.0,835.2344446730675,-1099.7655553269324,56.835429215862135
ridge_policy_a1,batch3,batch3_039,1156.0,734.3631413764937,-421.6368586235063,36.47377669753515
ridge_policy_a1,batch3,batch3_040,796.0,780.5770010113195,-15.422998988680547,1.9375626870201692
ridge_policy_a1,batch3,batch3_041,786.0,711.084769142317,-74.91523085768301,9.53119985466705
ridge_policy_a1,batch3,batch3_044,940.0,805.0170577550808,-134.98294224491917,14.359887472863742
ridge_policy_a1,batch3,batch3_045,1801.0,889.2304857591985,-911.7695142408015,50.625736493103915
elastic_core_a0.01,batch1_holdout,batch1_000,1190.0,1446.249931733772,256.249931733772,21.533607708720332
elastic_core_a0.01,batch1_holdout,batch1_001,1179.0,1451.4000899021758,272.40008990217575,23.104333325036112
elastic_core_a0.01,batch1_holdout,batch1_002,1177.0,1321.2817775482679,144.28177754826788,12.258434795944595
elastic_core_a0.01,batch1_holdout,batch1_014,880.0,892.8786766329923,12.878676632992324,1.463485981021855
elastic_core_a0.01,batch1_holdout,batch1_015,719.0,837.3086112997526,118.30861129975256,16.454605187726365
elastic_core_a0.01,batch1_holdout,batch1_018,691.0,741.4969204429475,50.4969204429475,7.307803247893995
elastic_core_a0.01,batch1_holdout,batch1_019,788.0,723.0689371957568,-64.9310628042432,8.239982589370964
elastic_core_a0.01,batch1_holdout,batch1_028,860.0,800.2937501701181,-59.706249829881926,6.942587189521154
elastic_core_a0.01,batch1_holdout,batch1_029,917.0,816.7311822977905,-100.2688177022095,10.934440316489587
elastic_core_a0.01,batch1_holdout,batch1_034,742.0,809.8271203616573,67.82712036165731,9.141121342541416
elastic_core_a0.01,batch1_holdout,batch1_035,703.0,748.2205059115407,45.22050591154073,6.43250439708972
elastic_core_a0.01,batch2,batch2_000,477.0,793.6827763538453,316.68277635384527,66.39051915174953
elastic_core_a0.01,batch2,batch2_001,491.0,702.2667698108272,211.2667698108272,43.02785535862061
elastic_core_a0.01,batch2,batch2_002,424.0,598.9363127573204,174.93631275732037,41.25856432955669
elastic_core_a0.01,batch2,batch2_003,499.0,765.0042675779221,266.00426757792206,53.307468452489395
elastic_core_a0.01,batch2,batch2_004,444.0,567.3920351827176,123.39203518271756,27.790998915026478
elastic_core_a0.01,batch2,batch2_005,416.0,516.7079781604091,100.70797816040908,24.208648596252182
elastic_core_a0.01,batch2,batch2_006,393.0,730.8982464066704,337.8982464066704,85.97919755894922
elastic_core_a0.01,batch2,batch2_010,492.0,813.9034190750199,321.9034190750199,65.42752420223981
elastic_core_a0.01,batch2,batch2_011,449.0,762.2967905681546,313.2967905681546,69.77656805526829
elastic_core_a0.01,batch2,batch2_012,466.0,654.1967274232611,188.1967274232611,40.38556382473414
elastic_core_a0.01,batch2,batch2_013,460.0,673.3565995988337,213.35659959883367,46.38186947800732
elastic_core_a0.01,batch2,batch2_014,426.0,485.13702410695856,59.13702410695856,13.881930541539568
elastic_core_a0.01,batch2,batch2_017,471.0,728.2881099137405,257.2881099137405,54.625925671707115
elastic_core_a0.01,batch2,batch2_018,449.0,751.3862045283269,302.38620452832686,67.34659343615297
elastic_core_a0.01,batch2,batch2_019,392.0,645.0711782481264,253.07117824812644,64.5589740428894
elastic_core_a0.01,batch2,batch2_020,489.0,735.2470330356523,246.2470330356523,50.357266469458544
elastic_core_a0.01,batch2,batch2_021,408.0,692.2353599550289,284.2353599550289,69.66552940074239
elastic_core_a0.01,batch2,batch2_024,514.0,801.1091380151253,287.10913801512527,55.857808952359
elastic_core_a0.01,batch2,batch2_025,493.0,795.1746974748436,302.1746974748436,61.29304208414678
elastic_core_a0.01,batch2,batch2_026,450.0,664.3245993678306,214.32459936783061,47.6276887484068
elastic_core_a0.01,batch2,batch2_027,474.0,747.0570112961028,273.0570112961028,57.60696440846051
elastic_core_a0.01,batch2,batch2_028,437.0,706.30370348266,269.30370348266,61.625561437679636
elastic_core_a0.01,batch2,batch2_029,452.0,831.0913261875997,379.09132618759975,83.8697624308849
elastic_core_a0.01,batch2,batch2_030,412.0,583.7626413785829,171.76264137858288,41.68996149965604
elastic_core_a0.01,batch2,batch2_031,425.0,697.1984128902944,272.19841289029443,64.04668538595163
elastic_core_a0.01,batch2,batch2_032,809.0,980.9786779689094,171.97867796890944,21.258180218653823
elastic_core_a0.01,batch2,batch2_033,1140.0,908.4660364666363,-231.5339635333637,20.309996801172254
elastic_core_a0.01,batch2,batch2_034,1186.0,965.2683428520503,-220.7316571479497,18.611438208090195
elastic_core_a0.01,batch2,batch2_041,442.0,672.7610604869673,230.76106048696727,52.208384725558204
elastic_core_a0.01,batch2,batch2_042,474.0,804.0489990330896,330.04899903308956,69.63059051331004
elastic_core_a0.01,batch2,batch2_043,1029.0,1081.3480265858886,52.34802658588865,5.087271777054291
elastic_core_a0.01,batch2,batch2_044,841.0,1114.9829980417287,273.9829980417287,32.57823995739937
elastic_core_a0.01,batch2,batch2_045,997.0,1047.534450983591,50.53445098359089,5.06865105151363
elastic_core_a0.01,batch2,batch2_046,503.0,798.9881155822308,295.98811558223076,58.844555781755616
elastic_core_a0.01,batch3,batch3_000,1009.0,915.7271734439246,-93.27282655607542,9.244085882663569
elastic_core_a0.01,batch3,batch3_001,1063.0,903.2257854379908,-159.7742145620092,15.030499958796726
elastic_core_a0.01,batch3,batch3_003,1115.0,806.2839292551271,-308.7160707448729,27.687539977118647
elastic_core_a0.01,batch3,batch3_004,1048.0,911.6575074569646,-136.3424925430354,13.009779822808722
elastic_core_a0.01,batch3,batch3_005,828.0,741.7383496100282,-86.2616503899718,10.418073718595629
elastic_core_a0.01,batch3,batch3_006,667.0,501.5549330480703,-165.44506695192968,24.804357863857526
elastic_core_a0.01,batch3,batch3_007,1836.0,1015.6213871471468,-820.3786128528532,44.682930983270865
elastic_core_a0.01,batch3,batch3_008,828.0,831.5296517244229,3.5296517244229335,0.4262864401476973
elastic_core_a0.01,batch3,batch3_009,1039.0,812.4762156414954,-226.5237843585046,21.8020966658811
elastic_core_a0.01,batch3,batch3_010,1078.0,950.3820817506161,-127.61791824938393,11.838396869145077
elastic_core_a0.01,batch3,batch3_011,817.0,747.234156103103,-69.76584389689697,8.539270978812358
elastic_core_a0.01,batch3,batch3_012,932.0,816.7160684547903,-115.28393154520973,12.369520552061129
elastic_core_a0.01,batch3,batch3_013,816.0,830.9480228750607,14.948022875060701,1.8318655484143016
elastic_core_a0.01,batch3,batch3_014,858.0,843.7298877529909,-14.270112247009138,1.6631832455721605
elastic_core_a0.01,batch3,batch3_015,876.0,804.7773893206685,-71.22261067933152,8.130435009056109
elastic_core_a0.01,batch3,batch3_016,1638.0,1053.5405049314666,-584.4594950685334,35.68128785522182
elastic_core_a0.01,batch3,batch3_017,1315.0,964.1816953923709,-350.8183046076291,26.678198069021224
elastic_core_a0.01,batch3,batch3_018,1146.0,893.9736082022883,-252.02639179771165,21.99183174500102
elastic_core_a0.01,batch3,batch3_019,1155.0,882.0756123350775,-272.9243876649225,23.629817113846105
elastic_core_a0.01,batch3,batch3_020,813.0,817.1885248658556,4.188524865855584,0.5151937104373412
elastic_core_a0.01,batch3,batch3_021,772.0,621.1439842946374,-150.85601570536255,19.540934676860434
elastic_core_a0.01,batch3,batch3_022,1002.0,746.8632373994683,-255.1367626005317,25.4627507585361
elastic_core_a0.01,batch3,batch3_024,825.0,748.1675290117008,-76.83247098829918,9.313026786460506
elastic_core_a0.01,batch3,batch3_025,989.0,822.7297289716529,-166.2702710283471,16.811958647962296
elastic_core_a0.01,batch3,batch3_026,1028.0,912.6220766257173,-115.37792337428266,11.223533402167574
elastic_core_a0.01,batch3,batch3_027,850.0,810.7685226333452,-39.23147736665476,4.615467925488795
elastic_core_a0.01,batch3,batch3_028,541.0,407.62903716021503,-133.37096283978497,24.65267335301016
elastic_core_a0.01,batch3,batch3_029,858.0,843.6117250437212,-14.388274956278792,1.6769551231094164
elastic_core_a0.01,batch3,batch3_030,935.0,860.9825208649626,-74.01747913503743,7.916307928881008
elastic_core_a0.01,batch3,batch3_031,731.0,734.5013120578401,3.501312057840096,0.47897565770726347
elastic_core_a0.01,batch3,batch3_033,1284.0,927.8376863635782,-356.1623136364218,27.738497946761825
elastic_core_a0.01,batch3,batch3_034,1158.0,880.8111045825876,-277.18889541741237,23.936864889241136
elastic_core_a0.01,batch3,batch3_035,1093.0,859.1363591454711,-233.86364085452885,21.39649047159459
elastic_core_a0.01,batch3,batch3_036,923.0,835.5073648182732,-87.49263518172677,9.479158741248837
elastic_core_a0.01,batch3,batch3_038,1935.0,952.5918657274881,-982.4081342725119,50.77044621563369
elastic_core_a0.01,batch3,batch3_039,1156.0,881.7212012127687,-274.27879878723127,23.726539687476755
elastic_core_a0.01,batch3,batch3_040,796.0,884.2135603387014,88.21356033870143,11.082105570188622
elastic_core_a0.01,batch3,batch3_041,786.0,804.1825459843437,18.182545984343733,2.3133010158198135
elastic_core_a0.01,batch3,batch3_044,940.0,877.6051745065555,-62.3948254934445,6.637747392919628
elastic_core_a0.01,batch3,batch3_045,1801.0,1037.2825244426656,-763.7174755573344,42.40519020307243
elastic_core_a0.1,batch1_holdout,batch1_000,1190.0,1419.1129872504612,229.11298725046117,19.253192205921106
elastic_core_a0.1,batch1_holdout,batch1_001,1179.0,1424.9947286469992,245.9947286469992,20.864692845377373
elastic_core_a0.1,batch1_holdout,batch1_002,1177.0,1300.7452650512444,123.74526505124436,10.51361640197488
elastic_core_a0.1,batch1_holdout,batch1_014,880.0,888.3997741781463,8.399774178146345,0.9545197929711755
elastic_core_a0.1,batch1_holdout,batch1_015,719.0,835.6898685265481,116.68986852654814,16.229467110785556
elastic_core_a0.1,batch1_holdout,batch1_018,691.0,748.9170459194106,57.91704591941061,8.381627484719337
elastic_core_a0.1,batch1_holdout,batch1_019,788.0,726.8420979604406,-61.15790203955942,7.761155081162362
elastic_core_a0.1,batch1_holdout,batch1_028,860.0,797.7367772846296,-62.263222715370375,7.2399096180663225
elastic_core_a0.1,batch1_holdout,batch1_029,917.0,817.2404828120448,-99.75951718795523,10.87890045670177
elastic_core_a0.1,batch1_holdout,batch1_034,742.0,810.9329400823432,68.93294008234318,9.29015364991148
elastic_core_a0.1,batch1_holdout,batch1_035,703.0,754.75336138751,51.75336138751004,7.361786826103846
elastic_core_a0.1,batch2,batch2_000,477.0,798.5452001100632,321.5452001100632,67.40989520127111
elastic_core_a0.1,batch2,batch2_001,491.0,703.272303886472,212.27230388647195,43.232648449383284
elastic_core_a0.1,batch2,batch2_002,424.0,610.5073870197916,186.50738701979162,43.987591278252744
elastic_core_a0.1,batch2,batch2_003,499.0,761.1204005930381,262.1204005930381,52.52913839539841
elastic_core_a0.1,batch2,batch2_004,444.0,580.3489368525188,136.34893685251882,30.709220011828563
elastic_core_a0.1,batch2,batch2_005,416.0,532.4783906317969,116.47839063179686,27.99961313264348
elastic_core_a0.1,batch2,batch2_006,393.0,730.2860271638997,337.2860271638997,85.82341658114497
elastic_core_a0.1,batch2,batch2_010,492.0,817.5282390060821,325.5282390060821,66.16427622074839
elastic_core_a0.1,batch2,batch2_011,449.0,762.5524398963067,313.55243989630674,69.83350554483447
elastic_core_a0.1,batch2,batch2_012,466.0,669.3687154291786,203.36871542917856,43.641355242313
elastic_core_a0.1,batch2,batch2_013,460.0,685.1213427821206,225.12134278212056,48.93942234393925
elastic_core_a0.1,batch2,batch2_014,426.0,507.9011104243062,81.90111042430618,19.22561277565873
elastic_core_a0.1,batch2,batch2_017,471.0,731.8836713312857,260.88367133128565,55.389314507703965
elastic_core_a0.1,batch2,batch2_018,449.0,755.225536375477,306.22553637547696,68.20167848006169
elastic_core_a0.1,batch2,batch2_019,392.0,654.3202958397306,262.32029583973065,66.91844281625782
elastic_core_a0.1,batch2,batch2_020,489.0,734.7314675780361,245.73146757803613,50.25183386053909
elastic_core_a0.1,batch2,batch2_021,408.0,694.1445377722464,286.1445377722464,70.13346514025648
elastic_core_a0.1,batch2,batch2_024,514.0,799.3492169035999,285.3492169035999,55.51541184894939
elastic_core_a0.1,batch2,batch2_025,493.0,798.0484734621573,305.0484734621573,61.87595810591425
elastic_core_a0.1,batch2,batch2_026,450.0,666.6820038777292,216.68200387772924,48.15155641727317
elastic_core_a0.1,batch2,batch2_027,474.0,747.6171917623162,273.6171917623162,57.725145941416926
elastic_core_a0.1,batch2,batch2_028,437.0,715.2484615145293,278.24846151452925,63.672416822546744
elastic_core_a0.1,batch2,batch2_029,452.0,833.4818222463562,381.48182224635616,84.39863324034428
elastic_core_a0.1,batch2,batch2_030,412.0,591.3781414227093,179.3781414227093,43.538383840463425
elastic_core_a0.1,batch2,batch2_031,425.0,700.0550467258789,275.0550467258789,64.71883452373622
elastic_core_a0.1,batch2,batch2_032,809.0,974.9417378726264,165.9417378726264,20.51195770984257
elastic_core_a0.1,batch2,batch2_033,1140.0,905.345761390105,-234.65423860989495,20.583705141218857
elastic_core_a0.1,batch2,batch2_034,1186.0,944.6517400544215,-241.34825994557855,20.349768966743554
elastic_core_a0.1,batch2,batch2_041,442.0,692.3174533909871,250.3174533909871,56.632908007010656
elastic_core_a0.1,batch2,batch2_042,474.0,808.6367676561317,334.6367676561317,70.59847418905733
elastic_core_a0.1,batch2,batch2_043,1029.0,1060.1909286186456,31.190928618645557,3.031188398313465
elastic_core_a0.1,batch2,batch2_044,841.0,1091.8510040026367,250.85100400263673,29.827705588898542
elastic_core_a0.1,batch2,batch2_045,997.0,1021.2662594286762,24.26625942867622,2.4339277260457592
elastic_core_a0.1,batch2,batch2_046,503.0,813.4198154718448,310.4198154718448,61.71368100831905
elastic_core_a0.1,batch3,batch3_000,1009.0,914.9496809801939,-94.05031901980612,9.321141627334601
elastic_core_a0.1,batch3,batch3_001,1063.0,890.1941763462069,-172.80582365379314,16.2564274368573
elastic_core_a0.1,batch3,batch3_003,1115.0,792.6452887321416,-322.3547112678584,28.91073643657923
elastic_core_a0.1,batch3,batch3_004,1048.0,911.1264829845853,-136.87351701541468,13.060450096890714
elastic_core_a0.1,batch3,batch3_005,828.0,735.3718168892538,-92.62818311074625,11.186978636563557
elastic_core_a0.1,batch3,batch3_006,667.0,515.760756571897,-151.239243428103,22.674549239595652
elastic_core_a0.1,batch3,batch3_007,1836.0,1006.2839344985107,-829.7160655014893,45.1915068355931
elastic_core_a0.1,batch3,batch3_008,828.0,831.3532183770776,3.35321837707761,0.40497806486444565
elastic_core_a0.1,batch3,batch3_009,1039.0,812.7618411081535,-226.23815889184652,21.77460624560602
elastic_core_a0.1,batch3,batch3_010,1078.0,946.5098721225902,-131.4901278774098,12.197599988627996
elastic_core_a0.1,batch3,batch3_011,817.0,745.8481981634416,-71.15180183655843,8.708910873507763
elastic_core_a0.1,batch3,batch3_012,932.0,815.7961608386225,-116.20383916137746,12.468223085984706
elastic_core_a0.1,batch3,batch3_013,816.0,825.4384850169847,9.438485016984714,1.1566770854147934
elastic_core_a0.1,batch3,batch3_014,858.0,841.748564007031,-16.25143599296905,1.8941067590873018
elastic_core_a0.1,batch3,batch3_015,876.0,803.5907415635345,-72.4092584364655,8.2658970817883
elastic_core_a0.1,batch3,batch3_016,1638.0,1031.9589629745838,-606.0410370254162,36.99884230924397
elastic_core_a0.1,batch3,batch3_017,1315.0,946.6142126817265,-368.3857873182735,28.01412831317669
elastic_core_a0.1,batch3,batch3_018,1146.0,879.0575625506576,-266.9424374493424,23.29340640919218
elastic_core_a0.1,batch3,batch3_019,1155.0,868.4430185241243,-286.55698147587566,24.81012826630958
elastic_core_a0.1,batch3,batch3_020,813.0,817.6272433935726,4.6272433935725985,0.5691566289757194
elastic_core_a0.1,batch3,batch3_021,772.0,623.9989129696546,-148.0010870303454,19.171125262998107
elastic_core_a0.1,batch3,batch3_022,1002.0,744.5077742405772,-257.4922257594228,25.697826922098084
elastic_core_a0.1,batch3,batch3_024,825.0,746.0384597867244,-78.96154021327561,9.571095783427348
elastic_core_a0.1,batch3,batch3_025,989.0,810.6902569603187,-178.30974303968128,18.029296566196287
elastic_core_a0.1,batch3,batch3_026,1028.0,893.8380309929934,-134.16196900700663,13.050775195234108
elastic_core_a0.1,batch3,batch3_027,850.0,800.8643244521674,-49.13567554783265,5.780667711509723
elastic_core_a0.1,batch3,batch3_028,541.0,419.94889675205593,-121.05110324794407,22.375434981135687
elastic_core_a0.1,batch3,batch3_029,858.0,851.5042482717521,-6.49575172824791,0.757080621007915
elastic_core_a0.1,batch3,batch3_030,935.0,862.8960077579391,-72.10399224206094,7.7116569242845925
elastic_core_a0.1,batch3,batch3_031,731.0,734.7547982245629,3.7547982245629328,0.513652287901906
elastic_core_a0.1,batch3,batch3_033,1284.0,922.5572205015528,-361.4427794984472,28.149749182122054
elastic_core_a0.1,batch3,batch3_034,1158.0,864.6905834677253,-293.30941653227467,25.32896515822752
elastic_core_a0.1,batch3,batch3_035,1093.0,845.3453834419148,-247.6546165580852,22.65824488180102
elastic_core_a0.1,batch3,batch3_036,923.0,821.7586684809471,-101.24133151905289,10.968724974978645
elastic_core_a0.1,batch3,batch3_038,1935.0,936.8630478728742,-998.1369521271258,51.58330501948971
elastic_core_a0.1,batch3,batch3_039,1156.0,876.1424595499559,-279.8575404500441,24.209129796716617
elastic_core_a0.1,batch3,batch3_040,796.0,876.5653392280265,80.56533922802646,10.121273772365132
elastic_core_a0.1,batch3,batch3_041,786.0,803.8217858179053,17.821785817905266,2.267402775814919
elastic_core_a0.1,batch3,batch3_044,940.0,872.905602333832,-67.09439766616799,7.1377018793795735
elastic_core_a0.1,batch3,batch3_045,1801.0,1026.9809884286879,-774.0190115713121,42.97717998730217
huber_core,batch1_holdout,batch1_000,1190.0,942.6544971150214,-247.3455028849786,20.785336376888957
huber_core,batch1_holdout,batch1_001,1179.0,946.4076339973346,-232.59236600266536,19.72793604772395
huber_core,batch1_holdout,batch1_002,1177.0,921.2893381514685,-255.71066184853146,21.725629723749485
huber_core,batch1_holdout,batch1_014,880.0,824.1226913537546,-55.87730864624541,6.34969416434607
huber_core,batch1_holdout,batch1_015,719.0,811.7299323487409,92.72993234874093,12.897069867696931
huber_core,batch1_holdout,batch1_018,691.0,809.7365759624719,118.73657596247187,17.183296087188403
huber_core,batch1_holdout,batch1_019,788.0,794.6664747601711,6.666474760171127,0.8459993350470973
huber_core,batch1_holdout,batch1_028,860.0,800.7057152900229,-59.29428470997709,6.894684268601988
huber_core,batch1_holdout,batch1_029,917.0,814.623300319262,-102.37669968073806,11.164307489720617
huber_core,batch1_holdout,batch1_034,742.0,813.2980313676668,71.2980313676668,9.608899106154555
huber_core,batch1_holdout,batch1_035,703.0,806.5005108341619,103.5005108341619,14.722690019084197
huber_core,batch2,batch2_000,477.0,833.1530501700146,356.1530501700146,74.66520967924835
huber_core,batch2,batch2_001,491.0,787.0968718891288,296.0968718891288,60.3048618918796
huber_core,batch2,batch2_002,424.0,770.7672292590232,346.7672292590232,81.7847238818451
huber_core,batch2,batch2_003,499.0,796.1166270993234,297.1166270993234,59.542410240345376
huber_core,batch2,batch2_004,444.0,765.4440338440876,321.4440338440876,72.39730491983954
huber_core,batch2,batch2_005,416.0,754.6947791459403,338.6947791459403,81.4170142177741
huber_core,batch2,batch2_006,393.0,790.4622581710913,397.4622581710913,101.13543464913265
huber_core,batch2,batch2_010,492.0,838.7850523990918,346.7850523990918,70.48476674778288
huber_core,batch2,batch2_011,449.0,806.9151576013138,357.9151576013138,79.713843563767
huber_core,batch2,batch2_012,466.0,809.3701797120862,343.37017971208616,73.68458792104853
huber_core,batch2,batch2_013,460.0,804.6520197191666,344.65201971916656,74.9243521128623
huber_core,batch2,batch2_014,426.0,760.688324917672,334.68832491767205,78.56533448771646
huber_core,batch2,batch2_017,471.0,801.8272504166185,330.82725041661854,70.23933129864513
huber_core,batch2,batch2_018,449.0,808.5885294580883,359.58852945808826,80.08653217329359
huber_core,batch2,batch2_019,392.0,786.5430091194609,394.54300911946086,100.64872681618898
huber_core,batch2,batch2_020,489.0,794.1277035878505,305.12770358785053,62.39830339219847
huber_core,batch2,batch2_021,408.0,784.9383939808577,376.93839398085765,92.38686126981806
huber_core,batch2,batch2_024,514.0,814.780019322474,300.780019322474,58.51751348686265
huber_core,batch2,batch2_025,493.0,827.30627236634,334.30627236633995,67.8106029140649
huber_core,batch2,batch2_026,450.0,776.3149887638524,326.3149887638524,72.51444194752276
huber_core,batch2,batch2_027,474.0,801.3561554056869,327.3561554056869,69.06248004339386
huber_core,batch2,batch2_028,437.0,809.115238046489,372.115238046489,85.15222838592426
huber_core,batch2,batch2_029,452.0,841.5009634187612,389.5009634187612,86.17277951742506
huber_core,batch2,batch2_030,412.0,758.001203641903,346.001203641903,83.9808746703648
huber_core,batch2,batch2_031,425.0,789.2618322548958,364.2618322548958,85.70866641291666
huber_core,batch2,batch2_032,809.0,869.6473383957606,60.647338395760585,7.496580765854213
huber_core,batch2,batch2_033,1140.0,845.6658572869507,-294.33414271304935,25.8187844485131
huber_core,batch2,batch2_034,1186.0,816.0864732836487,-369.91352671635127,31.19001068434665
huber_core,batch2,batch2_041,442.0,829.5406647513689,387.5406647513689,87.67888342791152
huber_core,batch2,batch2_042,474.0,836.8154103490148,362.81541034901477,76.54333551666979
huber_core,batch2,batch2_043,1029.0,866.4813473061586,-162.51865269384143,15.793843799207137
huber_core,batch2,batch2_044,841.0,873.3892249146269,32.38922491462688,3.851275257387263
huber_core,batch2,batch2_045,997.0,839.45886815091,-157.54113184909,15.80151773812337
huber_core,batch2,batch2_046,503.0,862.1569261273571,359.1569261273571,71.40296742094576
huber_core,batch3,batch3_000,1009.0,855.129717413474,-153.87028258652595,15.249780236523879
huber_core,batch3,batch3_001,1063.0,814.3889609308096,-248.61103906919038,23.387680062953
huber_core,batch3,batch3_003,1115.0,774.8735563249166,-340.12644367508335,30.504613782518685
huber_core,batch3,batch3_004,1048.0,855.2911589582532,-192.70884104174684,18.38824819100638
huber_core,batch3,batch3_005,828.0,768.4033214066691,-59.59667859333092,7.197666496779097
huber_core,batch3,batch3_006,667.0,736.1386462167245,69.13864621672451,10.365614125445953
huber_core,batch3,batch3_007,1836.0,868.5597658919608,-967.4402341080392,52.69282320849887
huber_core,batch3,batch3_008,828.0,824.1266707179145,-3.8733292820854786,0.46779339155621724
huber_core,batch3,batch3_009,1039.0,819.3532738407788,-219.6467261592212,21.140204635151225
huber_core,batch3,batch3_010,1078.0,857.9948385533861,-220.0051614466139,20.40864206369331
huber_core,batch3,batch3_011,817.0,788.8880501115751,-28.111949888424874,3.44087513934209
huber_core,batch3,batch3_012,932.0,818.3407005788318,-113.65929942116816,12.195203800554523
huber_core,batch3,batch3_013,816.0,808.7022431665608,-7.297756833439166,0.8943329452744077
huber_core,batch3,batch3_014,858.0,825.7580931907872,-32.241906809212765,3.7577979964117443
huber_core,batch3,batch3_015,876.0,811.6142486157539,-64.38575138424608,7.3499716192061735
huber_core,batch3,batch3_016,1638.0,846.1397813326125,-791.8602186673875,48.343114692758704
huber_core,batch3,batch3_017,1315.0,824.4377436720955,-490.5622563279045,37.30511454965053
huber_core,batch3,batch3_018,1146.0,805.7053835705573,-340.2946164294427,29.69412010728122
huber_core,batch3,batch3_019,1155.0,805.7894594444372,-349.21054055556283,30.234678835979466
huber_core,batch3,batch3_020,813.0,820.2895191395182,7.289519139518234,0.8966198203589464
huber_core,batch3,batch3_021,772.0,751.0762699896181,-20.92373001038186,2.7103277215520545
huber_core,batch3,batch3_022,1002.0,783.130404273647,-218.86959572635305,21.843273026582143
huber_core,batch3,batch3_024,825.0,782.4121036101525,-42.587896389847515,5.162169259375457
huber_core,batch3,batch3_025,989.0,785.7999142983239,-203.20008570167613,20.54601473222206
huber_core,batch3,batch3_026,1028.0,803.1803052806853,-224.81969471931473,21.869620108882756
huber_core,batch3,batch3_027,850.0,787.1180183906445,-62.881981609355535,7.397880189335945
huber_core,batch3,batch3_028,541.0,692.5918612477069,151.5918612477069,28.020676755583533
huber_core,batch3,batch3_029,858.0,852.6006790528805,-5.399320947119463,0.6292914856782591
huber_core,batch3,batch3_030,935.0,842.2945904008176,-92.70540959918242,9.915017069431276
huber_core,batch3,batch3_031,731.0,788.9833818363314,57.98338183633143,7.93206317870471
huber_core,batch3,batch3_033,1284.0,844.7903083838445,-439.2096916161555,34.206362275401524
huber_core,batch3,batch3_034,1158.0,795.8436672859439,-362.15633271405613,31.274294707604156
huber_core,batch3,batch3_035,1093.0,794.5855043460452,-298.41449565395476,27.30233263073694
huber_core,batch3,batch3_036,923.0,784.4411740927467,-138.55882590725332,15.011790455823762
huber_core,batch3,batch3_038,1935.0,826.5006504423882,-1108.4993495576118,57.28678809083265
huber_core,batch3,batch3_039,1156.0,823.5161608972554,-332.4838391027446,28.761577777054033
huber_core,batch3,batch3_040,796.0,821.5008686510954,25.500868651095402,3.203626714961734
huber_core,batch3,batch3_041,786.0,809.8546784671613,23.854678467161307,3.0349463698678507
huber_core,batch3,batch3_044,940.0,829.9695289584351,-110.03047104156485,11.705369259740941
huber_core,batch3,batch3_045,1801.0,874.3680445224949,-926.6319554775051,51.450969210300116
log_ridge_core,batch1_holdout,batch1_000,1190.0,1686.6610101718904,496.66101017189044,41.736219342175666
log_ridge_core,batch1_holdout,batch1_001,1179.0,1693.0853548179464,514.0853548179464,43.60350761814642
log_ridge_core,batch1_holdout,batch1_002,1177.0,1453.5622279644974,276.5622279644974,23.497215629948805
log_ridge_core,batch1_holdout,batch1_014,880.0,874.3218609683104,-5.678139031689625,0.645243071782912
log_ridge_core,batch1_holdout,batch1_015,719.0,812.6711129042422,93.67111290424225,13.027971196695724
log_ridge_core,batch1_holdout,batch1_018,691.0,724.2116259063005,33.21162590630047,4.806313445195437
log_ridge_core,batch1_holdout,batch1_019,788.0,718.6374030983226,-69.36259690167742,8.802360012903227
log_ridge_core,batch1_holdout,batch1_028,860.0,790.4221207289949,-69.57787927100514,8.090451078023854
log_ridge_core,batch1_holdout,batch1_029,917.0,798.3856474333512,-118.61435256664879,12.935043900397906
log_ridge_core,batch1_holdout,batch1_034,742.0,789.7177194013149,47.717719401314866,6.430959488047825
log_ridge_core,batch1_holdout,batch1_035,703.0,725.360907989203,22.360907989203042,3.180783497752922
log_ridge_core,batch2,batch2_000,477.0,785.2916420961905,308.29164209619046,64.63137150863531
log_ridge_core,batch2,batch2_001,491.0,718.5914644157751,227.59146441577514,46.35264041054483
log_ridge_core,batch2,batch2_002,424.0,620.1585215072496,196.1585215072496,46.26380224227585
log_ridge_core,batch2,batch2_003,499.0,773.4310703267112,274.43107032671116,54.99620647829883
log_ridge_core,batch2,batch2_004,444.0,602.277244139308,158.27724413930798,35.6480279593036
log_ridge_core,batch2,batch2_005,416.0,568.5398009852598,152.53980098525983,36.66822139068746
log_ridge_core,batch2,batch2_006,393.0,737.6766215371632,344.6766215371632,87.70397494584306
log_ridge_core,batch2,batch2_010,492.0,807.0360626293722,315.03606262937217,64.03172004662036
log_ridge_core,batch2,batch2_011,449.0,764.8257950371524,315.8257950371524,70.33982072096936
log_ridge_core,batch2,batch2_012,466.0,664.1362106238192,198.13621062381924,42.51850013386679
log_ridge_core,batch2,batch2_013,460.0,678.5218999524407,218.52189995244066,47.50476085922623
log_ridge_core,batch2,batch2_014,426.0,539.6987276117189,113.69872761171894,26.689842162375335
log_ridge_core,batch2,batch2_017,471.0,730.0388300716809,259.0388300716809,54.99762846532502
log_ridge_core,batch2,batch2_018,449.0,742.6273585213277,293.62735852132766,65.39584822301285
log_ridge_core,batch2,batch2_019,392.0,661.7732523842308,269.7732523842308,68.81970724087519
log_ridge_core,batch2,batch2_020,489.0,744.0497842171412,255.04978421714122,52.15742008530495
log_ridge_core,batch2,batch2_021,408.0,708.1739254496248,300.1739254496248,73.57204055137863
log_ridge_core,batch2,batch2_024,514.0,797.6325516120153,283.6325516120153,55.18143027471114
log_ridge_core,batch2,batch2_025,493.0,788.2729255816598,295.2729255816598,59.893088353277854
log_ridge_core,batch2,batch2_026,450.0,688.3141455850015,238.31414558500148,52.95869901888922
log_ridge_core,batch2,batch2_027,474.0,751.07338547637,277.07338547637005,58.45430073341141
log_ridge_core,batch2,batch2_028,437.0,706.3701021649923,269.3701021649923,61.640755644163
log_ridge_core,batch2,batch2_029,452.0,823.174637915353,371.17463791535295,82.1182827246356
log_ridge_core,batch2,batch2_030,412.0,621.7583253136512,209.7583253136512,50.91221488195417
log_ridge_core,batch2,batch2_031,425.0,710.0406560145301,285.0406560145301,67.06838965047767
log_ridge_core,batch2,batch2_032,809.0,968.4704504282356,159.4704504282356,19.71204578840984
log_ridge_core,batch2,batch2_033,1140.0,882.0185052640556,-257.98149473594435,22.62995567859161
log_ridge_core,batch2,batch2_034,1186.0,966.9806615424092,-219.01933845759083,18.467060578211704
log_ridge_core,batch2,batch2_041,442.0,672.1878301722381,230.18783017223814,52.07869460910365
log_ridge_core,batch2,batch2_042,474.0,795.2957914122338,321.2957914122338,67.78392223886789
log_ridge_core,batch2,batch2_043,1029.0,1114.369508039311,85.36950803931109,8.296356466405353
log_ridge_core,batch2,batch2_044,841.0,1158.3109782931233,317.3109782931233,37.73019955922988
log_ridge_core,batch2,batch2_045,997.0,1087.8557374201825,90.85573742018255,9.112912479456625
log_ridge_core,batch2,batch2_046,503.0,773.9048983601431,270.9048983601431,53.85783267597278
log_ridge_core,batch3,batch3_000,1009.0,884.58971813087,-124.41028186913002,12.330057667901885
log_ridge_core,batch3,batch3_001,1063.0,892.7926357055909,-170.2073642944091,16.011981589314118
log_ridge_core,batch3,batch3_003,1115.0,805.666893243023,-309.33310675697703,27.742879529773724
log_ridge_core,batch3,batch3_004,1048.0,882.5463146849867,-165.45368531501333,15.787565392653942
log_ridge_core,batch3,batch3_005,828.0,737.0883613550524,-90.91163864494763,10.979666503013
log_ridge_core,batch3,batch3_006,667.0,550.0548011337506,-116.94519886624937,17.533013323275767
log_ridge_core,batch3,batch3_007,1836.0,999.1614511148158,-836.8385488851842,45.57944166041308
log_ridge_core,batch3,batch3_008,828.0,807.4587785646092,-20.541221435390753,2.4808238448539557
log_ridge_core,batch3,batch3_009,1039.0,792.9726621700585,-246.02733782994153,23.67924329450833
log_ridge_core,batch3,batch3_010,1078.0,919.7682834099613,-158.23171659003867,14.678266845087075
log_ridge_core,batch3,batch3_011,817.0,741.4364321417447,-75.56356785825528,9.24890671459673
log_ridge_core,batch3,batch3_012,932.0,800.0449314724259,-131.9550685275741,14.15826915531911
log_ridge_core,batch3,batch3_013,816.0,815.7635845909507,-0.23641540904930025,0.028972476599178953
log_ridge_core,batch3,batch3_014,858.0,825.1571619633867,-32.84283803661333,3.8278366010038845
log_ridge_core,batch3,batch3_015,876.0,787.771489988657,-88.22851001134302,10.071747718189842
log_ridge_core,batch3,batch3_016,1638.0,1060.8812657504634,-577.1187342495366,35.23313395906817
log_ridge_core,batch3,batch3_017,1315.0,960.0795693876669,-354.9204306123331,26.990146814626094
log_ridge_core,batch3,batch3_018,1146.0,888.0133621791211,-257.98663782087885,22.511923021019097
log_ridge_core,batch3,batch3_019,1155.0,876.746068064151,-278.253931935849,24.091249518255324
log_ridge_core,batch3,batch3_020,813.0,794.1446399486189,-18.855360051381126,2.3192324786446648
log_ridge_core,batch3,batch3_021,772.0,640.9551648571991,-131.04483514280093,16.974719578083022
log_ridge_core,batch3,batch3_022,1002.0,737.457098941928,-264.54290105807195,26.401487131544105
log_ridge_core,batch3,batch3_024,825.0,734.7836911891851,-90.2163088108149,10.935310158886654
log_ridge_core,batch3,batch3_025,989.0,817.2497108199692,-171.7502891800308,17.366055528820098
log_ridge_core,batch3,batch3_026,1028.0,915.848349848692,-112.15165015130799,10.909693594485212
log_ridge_core,batch3,batch3_027,850.0,803.1332629306874,-46.86673706931265,5.513733772860312
log_ridge_core,batch3,batch3_028,541.0,497.38119379953457,-43.61880620046543,8.062625915058304
log_ridge_core,batch3,batch3_029,858.0,806.1740585082747,-51.8259414917253,6.040319521180105
log_ridge_core,batch3,batch3_030,935.0,831.3061099199264,-103.69389008007363,11.090255623537287
log_ridge_core,batch3,batch3_031,731.0,729.6361125798003,-1.3638874201997169,0.18657830645686962
log_ridge_core,batch3,batch3_033,1284.0,899.4960979652556,-384.50390203474444,29.945786762830565
log_ridge_core,batch3,batch3_034,1158.0,874.9424434654735,-283.0575565345265,24.443657731824395
log_ridge_core,batch3,batch3_035,1093.0,851.9498818806675,-241.05011811933252,22.05399067880444
log_ridge_core,batch3,batch3_036,923.0,828.4339306346732,-94.56606936532683,10.245511307186005
log_ridge_core,batch3,batch3_038,1935.0,947.7795455949372,-987.2204544050628,51.0191449304942
log_ridge_core,batch3,batch3_039,1156.0,851.5241468683369,-304.47585313166314,26.338741620386084
log_ridge_core,batch3,batch3_040,796.0,863.5199515653513,67.51995156535133,8.48240597554665
log_ridge_core,batch3,batch3_041,786.0,778.5360111722043,-7.463988827795674,0.9496168992106456
log_ridge_core,batch3,batch3_044,940.0,857.8068527065768,-82.19314729342318,8.743951839725868
log_ridge_core,batch3,batch3_045,1801.0,1024.9243818629836,-776.0756181370164,43.091372467352386
log_ridge_policy,batch1_holdout,batch1_000,1190.0,1623.662457906948,433.662457906948,36.442223353525044
log_ridge_policy,batch1_holdout,batch1_001,1179.0,1631.8804417035751,452.8804417035751,38.41225120471375
log_ridge_policy,batch1_holdout,batch1_002,1177.0,1505.0496606574093,328.0496606574093,27.87167890037462
log_ridge_policy,batch1_holdout,batch1_014,880.0,834.9532420793375,-45.04675792066246,5.118949763711643
log_ridge_policy,batch1_holdout,batch1_015,719.0,778.7129839248457,59.71298392484573,8.305004718337376
log_ridge_policy,batch1_holdout,batch1_018,691.0,724.3451890980327,33.34518909803273,4.825642416502566
log_ridge_policy,batch1_holdout,batch1_019,788.0,722.4940056151884,-65.50599438481163,8.312943449849191
log_ridge_policy,batch1_holdout,batch1_028,860.0,782.2244336695641,-77.77556633043594,9.043670503539063
log_ridge_policy,batch1_holdout,batch1_029,917.0,794.4014227765448,-122.59857722345521,13.369528595796643
log_ridge_policy,batch1_holdout,batch1_034,742.0,782.9077081651583,40.90770816515828,5.5131682163286095
log_ridge_policy,batch1_holdout,batch1_035,703.0,732.5286233998116,29.528623399811636,4.200373172092694
log_ridge_policy,batch2,batch2_000,477.0,858.7266555863832,381.72665558638323,80.02655253383296
log_ridge_policy,batch2,batch2_001,491.0,827.1543103758274,336.15431037582744,68.46319966921128
log_ridge_policy,batch2,batch2_002,424.0,685.9681814975078,261.96818149750777,61.78494846639334
log_ridge_policy,batch2,batch2_003,499.0,855.1294025036452,356.1294025036452,71.36861773620146
log_ridge_policy,batch2,batch2_004,444.0,708.1759634885475,264.1759634885475,59.499090875798984
log_ridge_policy,batch2,batch2_005,416.0,654.6127797539644,238.61277975396445,57.35884128701069
log_ridge_policy,batch2,batch2_006,393.0,801.9937115562867,408.9937115562867,104.06964670643428
log_ridge_policy,batch2,batch2_010,492.0,905.076698928658,413.07669892865795,83.95867864403617
log_ridge_policy,batch2,batch2_011,449.0,841.2952652037253,392.2952652037253,87.37088311886977
log_ridge_policy,batch2,batch2_012,466.0,799.8721144867519,333.8721144867519,71.64637649930297
log_ridge_policy,batch2,batch2_013,460.0,775.5060952353059,315.5060952353059,68.58828157289258
log_ridge_policy,batch2,batch2_014,426.0,616.1164642769254,190.1164642769254,44.62827799927826
log_ridge_policy,batch2,batch2_017,471.0,797.3090641141926,326.30906411419255,69.28005607520012
log_ridge_policy,batch2,batch2_018,449.0,770.8706934690091,321.8706934690091,71.68612326703989
log_ridge_policy,batch2,batch2_019,392.0,698.853908778521,306.85390877852103,78.27905836186761
log_ridge_policy,batch2,batch2_020,489.0,822.874488660286,333.87448866028603,68.27699154607076
log_ridge_policy,batch2,batch2_021,408.0,741.2015050553267,333.2015050553267,81.66703555277616
log_ridge_policy,batch2,batch2_024,514.0,850.9257238551652,336.9257238551652,65.54975172279478
log_ridge_policy,batch2,batch2_025,493.0,851.3620234613416,358.36202346134155,72.69006561081979
log_ridge_policy,batch2,batch2_026,450.0,807.9713899681379,357.97138996813794,79.54919777069732
log_ridge_policy,batch2,batch2_027,474.0,825.8917947547604,351.89179475476044,74.23877526471739
log_ridge_policy,batch2,batch2_028,437.0,797.299598241051,360.29959824105094,82.44842065012607
log_ridge_policy,batch2,batch2_029,452.0,895.4397234710486,443.43972347104864,98.10613351129395
log_ridge_policy,batch2,batch2_030,412.0,736.4936950210017,324.4936950210017,78.76060558762177
log_ridge_policy,batch2,batch2_031,425.0,805.8110808752742,380.81108087527423,89.6026072647704
log_ridge_policy,batch2,batch2_032,809.0,910.1209524889802,101.12095248898015,12.499499689614357
log_ridge_policy,batch2,batch2_033,1140.0,794.5247405136458,-345.47525948635416,30.304847323364402
log_ridge_policy,batch2,batch2_034,1186.0,825.2057191289003,-360.79428087109966,30.42110294022763
log_ridge_policy,batch2,batch2_041,442.0,799.928977138662,357.92897713866205,80.97940659245747
log_ridge_policy,batch2,batch2_042,474.0,875.9158517246336,401.9158517246336,84.79237378156827
log_ridge_policy,batch2,batch2_043,1029.0,1009.8349751831795,-19.165024816820505,1.8624902640253163
log_ridge_policy,batch2,batch2_044,841.0,1008.8602190329078,167.86021903290782,19.959597982509845
log_ridge_policy,batch2,batch2_045,997.0,997.6344750369361,0.6344750369361236,0.06363841895046375
log_ridge_policy,batch2,batch2_046,503.0,855.0997789859056,352.0997789859056,69.99995606081622
log_ridge_policy,batch3,batch3_000,1009.0,799.936609730082,-209.06339026991805,20.719860284431917
log_ridge_policy,batch3,batch3_001,1063.0,791.3206307524763,-271.6793692475237,25.557795789983416
log_ridge_policy,batch3,batch3_003,1115.0,744.4394378159284,-370.5605621840716,33.234131137584896
log_ridge_policy,batch3,batch3_004,1048.0,812.0932243262073,-235.9067756737927,22.510188518491674
log_ridge_policy,batch3,batch3_005,828.0,681.2604521156792,-146.7395478843208,17.722167618879325
log_ridge_policy,batch3,batch3_006,667.0,571.088658346085,-95.91134165391497,14.379511492341075
log_ridge_policy,batch3,batch3_007,1836.0,855.3974178150348,-980.6025821849652,53.409726698527514
log_ridge_policy,batch3,batch3_008,828.0,759.4990980876366,-68.50090191236336,8.273055786517315
log_ridge_policy,batch3,batch3_009,1039.0,760.5983633098482,-278.4016366901518,26.795152713200366
log_ridge_policy,batch3,batch3_010,1078.0,803.2222858874865,-274.77771411251354,25.489583869435393
log_ridge_policy,batch3,batch3_011,817.0,735.5732427864666,-81.42675721353339,9.966555350493683
log_ridge_policy,batch3,batch3_012,932.0,773.2363340608466,-158.76366593915338,17.034728105059376
log_ridge_policy,batch3,batch3_013,816.0,766.6203029009464,-49.3796970990536,6.0514334680212745
log_ridge_policy,batch3,batch3_014,858.0,786.7150519657878,-71.28494803421222,8.308269001656436
log_ridge_policy,batch3,batch3_015,876.0,757.5779684544061,-118.42203154559388,13.518496751780125
log_ridge_policy,batch3,batch3_016,1638.0,860.5684394802353,-777.4315605197647,47.46224423197587
log_ridge_policy,batch3,batch3_017,1315.0,817.6473663970405,-497.3526336029595,37.82149304965471
log_ridge_policy,batch3,batch3_018,1146.0,800.5835482417542,-345.4164517582458,30.141051636845184
log_ridge_policy,batch3,batch3_019,1155.0,799.0149477548401,-355.98505224515986,30.82121664460259
log_ridge_policy,batch3,batch3_020,813.0,751.8860296796571,-61.1139703203429,7.51709352033738
log_ridge_policy,batch3,batch3_021,772.0,635.5061334254879,-136.49386657451214,17.680552665092247
log_ridge_policy,batch3,batch3_022,1002.0,646.791960244625,-355.208039755375,35.449904167203094
log_ridge_policy,batch3,batch3_024,825.0,679.2254440476966,-145.77455595230344,17.66964314573375
log_ridge_policy,batch3,batch3_025,989.0,750.6606236414311,-238.33937635856887,24.0990269321101
log_ridge_policy,batch3,batch3_026,1028.0,833.1836232330465,-194.81637676695345,18.95100941312777
log_ridge_policy,batch3,batch3_027,850.0,739.6116008384221,-110.38839916157792,12.986870489597402
log_ridge_policy,batch3,batch3_028,541.0,526.0231659212286,-14.97683407877139,2.7683611975547855
log_ridge_policy,batch3,batch3_029,858.0,763.1524919501264,-94.84750804987357,11.054488117700883
log_ridge_policy,batch3,batch3_030,935.0,773.5381900001688,-161.4618099998312,17.26864278073061
log_ridge_policy,batch3,batch3_031,731.0,675.5437474026198,-55.45625259738017,7.586354664484292
log_ridge_policy,batch3,batch3_033,1284.0,781.9316431978318,-502.0683568021682,39.10189694720936
log_ridge_policy,batch3,batch3_034,1158.0,771.1914380460936,-386.8085619539064,33.403157336261344
log_ridge_policy,batch3,batch3_035,1093.0,771.7304023952752,-321.2695976047248,29.39337581013036
log_ridge_policy,batch3,batch3_036,923.0,738.7639303446105,-184.23606965538954,19.96057092691111
log_ridge_policy,batch3,batch3_038,1935.0,835.4386479023835,-1099.5613520976165,56.8248760773962
log_ridge_policy,batch3,batch3_039,1156.0,722.1739216806985,-433.8260783193015,37.5282074670676
log_ridge_policy,batch3,batch3_040,796.0,770.3343530983933,-25.665646901606692,3.224327500201846
log_ridge_policy,batch3,batch3_041,786.0,700.6126636268672,-85.38733637313283,10.86352880065303
log_ridge_policy,batch3,batch3_044,940.0,791.6197906962362,-148.38020930376376,15.78512864933657
log_ridge_policy,batch3,batch3_045,1801.0,870.2538424283061,-930.7461575716939,51.679409082270624
svr_rbf_c1,batch1_holdout,batch1_000,1190.0,958.5138991186463,-231.48610088135365,19.45261351944148
svr_rbf_c1,batch1_holdout,batch1_001,1179.0,967.9823476002111,-211.01765239978886,17.898019711602107
svr_rbf_c1,batch1_holdout,batch1_002,1177.0,1071.2739273098275,-105.72607269017249,8.982673975375741
svr_rbf_c1,batch1_holdout,batch1_014,880.0,874.9731525123324,-5.026847487667624,0.5712326690531391
svr_rbf_c1,batch1_holdout,batch1_015,719.0,794.6273366651299,75.62733666512986,10.518405655789966
svr_rbf_c1,batch1_holdout,batch1_018,691.0,738.2308528078536,47.23085280785358,6.835145124146683
svr_rbf_c1,batch1_holdout,batch1_019,788.0,714.5690594743867,-73.43094052561332,9.318647274824025
svr_rbf_c1,batch1_holdout,batch1_028,860.0,813.89737653866,-46.102623461340045,5.360770169923261
svr_rbf_c1,batch1_holdout,batch1_029,917.0,816.0194868518992,-100.98051314810084,11.012051597393766
svr_rbf_c1,batch1_holdout,batch1_034,742.0,798.1580897806513,56.15808978065127,7.568475711678068
svr_rbf_c1,batch1_holdout,batch1_035,703.0,704.9794145020353,1.9794145020352971,0.28156678549577485
svr_rbf_c1,batch2,batch2_000,477.0,845.4061852346512,368.40618523465116,77.23400109741114
svr_rbf_c1,batch2,batch2_001,491.0,807.2101153778274,316.2101153778274,64.40124549446587
svr_rbf_c1,batch2,batch2_002,424.0,588.6307574757948,164.63075747579478,38.82800883863084
svr_rbf_c1,batch2,batch2_003,499.0,776.148149687884,277.14814968788403,55.5407113602974
svr_rbf_c1,batch2,batch2_004,444.0,593.704785527741,149.70478552774102,33.71729403777951
svr_rbf_c1,batch2,batch2_005,416.0,643.8056047977285,227.8056047977285,54.76096269176166
svr_rbf_c1,batch2,batch2_006,393.0,713.9213076389176,320.9213076389176,81.65936581142941
svr_rbf_c1,batch2,batch2_010,492.0,853.8806770406126,361.88067704061257,73.55298313833589
svr_rbf_c1,batch2,batch2_011,449.0,792.0212576523315,343.02125765233154,76.39671662635446
svr_rbf_c1,batch2,batch2_012,466.0,845.4604174547117,379.46041745471166,81.42927413191236
svr_rbf_c1,batch2,batch2_013,460.0,762.723561143045,302.723561143045,65.80946981370543
svr_rbf_c1,batch2,batch2_014,426.0,627.2871847413348,201.28718474133484,47.25051285007861
svr_rbf_c1,batch2,batch2_017,471.0,737.5225006982198,266.5225006982198,56.586518194951125
svr_rbf_c1,batch2,batch2_018,449.0,722.0734025350527,273.07340253505265,60.81812974054625
svr_rbf_c1,batch2,batch2_019,392.0,724.4012993199519,332.40129931995193,84.79624982651835
svr_rbf_c1,batch2,batch2_020,489.0,765.6061717885291,276.6061717885291,56.56567930235769
svr_rbf_c1,batch2,batch2_021,408.0,773.9591575848597,365.95915758485967,89.69587195707344
svr_rbf_c1,batch2,batch2_024,514.0,791.7322602489754,277.7322602489754,54.03351366711584
svr_rbf_c1,batch2,batch2_025,493.0,832.2104693833672,339.21046938336724,68.80536904327936
svr_rbf_c1,batch2,batch2_026,450.0,804.4472029418182,354.4472029418182,78.76604509818182
svr_rbf_c1,batch2,batch2_027,474.0,766.3622822204569,292.3622822204569,61.67980637562382
svr_rbf_c1,batch2,batch2_028,437.0,762.2729198190897,325.2729198190897,74.43316242999764
svr_rbf_c1,batch2,batch2_029,452.0,853.0933083308121,401.0933083308121,88.7374575953124
svr_rbf_c1,batch2,batch2_030,412.0,690.4147995539431,278.4147995539431,67.57640765872407
svr_rbf_c1,batch2,batch2_031,425.0,766.2841823690105,341.2841823690105,80.30216055741424
svr_rbf_c1,batch2,batch2_032,809.0,961.1161971428577,152.1161971428577,18.802990994172767
svr_rbf_c1,batch2,batch2_033,1140.0,841.2497077323734,-298.7502922676266,26.2061659883883
svr_rbf_c1,batch2,batch2_034,1186.0,848.313757383437,-337.68624261656305,28.472701738327405
svr_rbf_c1,batch2,batch2_041,442.0,854.1342221214702,412.1342221214702,93.24303667906567
svr_rbf_c1,batch2,batch2_042,474.0,850.2274952990352,376.22749529903524,79.37288930359392
svr_rbf_c1,batch2,batch2_043,1029.0,875.80081925086,-153.19918074914006,14.888161394474253
svr_rbf_c1,batch2,batch2_044,841.0,882.5408029113423,41.540802911342325,4.939453378280895
svr_rbf_c1,batch2,batch2_045,997.0,844.4267557695376,-152.57324423046236,15.303234125422504
svr_rbf_c1,batch2,batch2_046,503.0,854.5522788141728,351.55227881417284,69.89110910818545
svr_rbf_c1,batch3,batch3_000,1009.0,868.3112520767265,-140.68874792327347,13.943384333327401
svr_rbf_c1,batch3,batch3_001,1063.0,828.2420885102257,-234.7579114897743,22.0844695663005
svr_rbf_c1,batch3,batch3_003,1115.0,851.4946310618086,-263.5053689381914,23.632768514636
svr_rbf_c1,batch3,batch3_004,1048.0,919.4190657002614,-128.5809342997386,12.269173120204066
svr_rbf_c1,batch3,batch3_005,828.0,852.7119815172841,24.71198151728413,2.984538830589871
svr_rbf_c1,batch3,batch3_006,667.0,833.3724837892573,166.37248378925733,24.94340086795462
svr_rbf_c1,batch3,batch3_007,1836.0,889.1981047119309,-946.8018952880691,51.56873068017806
svr_rbf_c1,batch3,batch3_008,828.0,758.756853052857,-69.24314694714303,8.362698906659787
svr_rbf_c1,batch3,batch3_009,1039.0,781.5186646887425,-257.48133531125745,24.781649211863087
svr_rbf_c1,batch3,batch3_010,1078.0,821.5993029431659,-256.40069705683413,23.784851303973483
svr_rbf_c1,batch3,batch3_011,817.0,779.0692857020924,-37.93071429790757,4.642682288605577
svr_rbf_c1,batch3,batch3_012,932.0,818.6388530928258,-113.3611469071742,12.163213187465043
svr_rbf_c1,batch3,batch3_013,816.0,794.5092679087588,-21.49073209124117,2.633668148436418
svr_rbf_c1,batch3,batch3_014,858.0,853.293954510231,-4.706045489769053,0.5484901503227335
svr_rbf_c1,batch3,batch3_015,876.0,769.6256249133955,-106.37437508660446,12.143193503037038
svr_rbf_c1,batch3,batch3_016,1638.0,845.8978250129088,-792.1021749870912,48.35788614084805
svr_rbf_c1,batch3,batch3_017,1315.0,838.6642537428828,-476.3357462571172,36.22325066594047
svr_rbf_c1,batch3,batch3_018,1146.0,839.4948810097989,-306.50511899020114,26.745647381343904
svr_rbf_c1,batch3,batch3_019,1155.0,839.3572288788604,-315.6427711211396,27.32837845204672
svr_rbf_c1,batch3,batch3_020,813.0,747.8184886008562,-65.1815113991438,8.01740607615545
svr_rbf_c1,batch3,batch3_021,772.0,824.1279969130427,52.12799691304269,6.7523312063526815
svr_rbf_c1,batch3,batch3_022,1002.0,825.0429403091256,-176.95705969087442,17.66038519869006
svr_rbf_c1,batch3,batch3_024,825.0,849.0468865231978,24.046886523197827,2.914774124023979
svr_rbf_c1,batch3,batch3_025,989.0,844.5207576756145,-144.4792423243855,14.608619041899443
svr_rbf_c1,batch3,batch3_026,1028.0,848.9172210621714,-179.0827789378286,17.42050378772652
svr_rbf_c1,batch3,batch3_027,850.0,838.6396051735544,-11.3603948264456,1.3365170384053646
svr_rbf_c1,batch3,batch3_028,541.0,855.7268127126788,314.7268127126788,58.17501159199239
svr_rbf_c1,batch3,batch3_029,858.0,863.942277539664,5.942277539664019,0.6925731398209812
svr_rbf_c1,batch3,batch3_030,935.0,828.9026729490804,-106.0973270509196,11.347307705980706
svr_rbf_c1,batch3,batch3_031,731.0,761.4361941250834,30.436194125083375,4.163638047207028
svr_rbf_c1,batch3,batch3_033,1284.0,799.1237409930043,-484.8762590069957,37.76294852079406
svr_rbf_c1,batch3,batch3_034,1158.0,849.5477642727243,-308.4522357272757,26.6366352096093
svr_rbf_c1,batch3,batch3_035,1093.0,844.5354090663656,-248.46459093363444,22.732350497130323
svr_rbf_c1,batch3,batch3_036,923.0,852.0011859339293,-70.99881406607074,7.6921792054247815
svr_rbf_c1,batch3,batch3_038,1935.0,837.8147914736593,-1097.1852085263408,56.70207796001762
svr_rbf_c1,batch3,batch3_039,1156.0,846.426758946361,-309.573241053639,26.779692132667734
svr_rbf_c1,batch3,batch3_040,796.0,800.2055475218273,4.20554752182727,0.5283351158074461
svr_rbf_c1,batch3,batch3_041,786.0,822.208276523806,36.208276523806035,4.606650957227231
svr_rbf_c1,batch3,batch3_044,940.0,842.5735718712909,-97.42642812870906,10.36451363071373
svr_rbf_c1,batch3,batch3_045,1801.0,921.1013121177725,-879.8986878822275,48.856118150040395
svr_rbf_c10,batch1_holdout,batch1_000,1190.0,1034.5726020051557,-155.42739799484434,13.061125881919693
svr_rbf_c10,batch1_holdout,batch1_001,1179.0,1048.4228265567228,-130.57717344327716,11.075247959565493
svr_rbf_c10,batch1_holdout,batch1_002,1177.0,1167.244796821003,-9.755203178996908,0.8288193015290491
svr_rbf_c10,batch1_holdout,batch1_014,880.0,933.2404709487382,53.24047094873822,6.050053516902071
svr_rbf_c10,batch1_holdout,batch1_015,719.0,843.0097519300272,124.00975193002716,17.247531561895293
svr_rbf_c10,batch1_holdout,batch1_018,691.0,746.533495948117,55.53349594811698,8.036685375993773
svr_rbf_c10,batch1_holdout,batch1_019,788.0,697.1375786826867,-90.8624213173133,11.530764126562604
svr_rbf_c10,batch1_holdout,batch1_028,860.0,828.3758966349308,-31.62410336506923,3.6772213215196783
svr_rbf_c10,batch1_holdout,batch1_029,917.0,798.5713377443228,-118.42866225567718,12.914794139114198
svr_rbf_c10,batch1_holdout,batch1_034,742.0,793.3617859425767,51.36178594257672,6.922073577166674
svr_rbf_c10,batch1_holdout,batch1_035,703.0,693.102560902388,-9.89743909761205,1.4078860736290257
svr_rbf_c10,batch2,batch2_000,477.0,847.319198072922,370.31919807292195,77.63505200690187
svr_rbf_c10,batch2,batch2_001,491.0,817.9801412411407,326.9801412411407,66.59473345033416
svr_rbf_c10,batch2,batch2_002,424.0,560.7983755432548,136.7983755432548,32.26376781680538
svr_rbf_c10,batch2,batch2_003,499.0,786.1312395153593,287.1312395153593,57.54133056420026
svr_rbf_c10,batch2,batch2_004,444.0,548.3857147444689,104.38571474446894,23.51029611361913
svr_rbf_c10,batch2,batch2_005,416.0,582.5262869954993,166.52628699549928,40.03035745084117
svr_rbf_c10,batch2,batch2_006,393.0,673.0774126617266,280.0774126617266,71.26651721672434
svr_rbf_c10,batch2,batch2_010,492.0,853.7540973052069,361.75409730520687,73.5272555498388
svr_rbf_c10,batch2,batch2_011,449.0,811.7944554517142,362.79445545171416,80.80054687120582
svr_rbf_c10,batch2,batch2_012,466.0,837.5217048205191,371.52170482051906,79.72568772972512
svr_rbf_c10,batch2,batch2_013,460.0,734.9907646735244,274.9907646735244,59.780601015983564
svr_rbf_c10,batch2,batch2_014,426.0,622.4042385388208,196.40423853882078,46.10428134714103
svr_rbf_c10,batch2,batch2_017,471.0,754.4777006192215,283.47770061922154,60.18634832679863
svr_rbf_c10,batch2,batch2_018,449.0,742.7683922363859,293.7683922363859,65.42725884997459
svr_rbf_c10,batch2,batch2_019,392.0,709.200305435825,317.20030543582504,80.91844526424109
svr_rbf_c10,batch2,batch2_020,489.0,774.6764448481958,285.67644484819584,58.4205408687517
svr_rbf_c10,batch2,batch2_021,408.0,780.4369602327458,372.43696023274583,91.28356868449653
svr_rbf_c10,batch2,batch2_024,514.0,822.2915056998469,308.2915056998469,59.97889215950329
svr_rbf_c10,batch2,batch2_025,493.0,841.1690734956994,348.1690734956994,70.62253012083153
svr_rbf_c10,batch2,batch2_026,450.0,811.7058769978311,361.70587699783107,80.37908377729579
svr_rbf_c10,batch2,batch2_027,474.0,781.0877512843646,307.0877512843646,64.78644541864232
svr_rbf_c10,batch2,batch2_028,437.0,750.2268935154593,313.2268935154593,71.67663467172981
svr_rbf_c10,batch2,batch2_029,452.0,854.6220157903286,402.62201579032865,89.0756672102497
svr_rbf_c10,batch2,batch2_030,412.0,628.726130917662,216.72613091766198,52.603429834383974
svr_rbf_c10,batch2,batch2_031,425.0,772.2537178250745,347.25371782507455,81.70675713531166
svr_rbf_c10,batch2,batch2_032,809.0,946.4643693739599,137.46436937395993,16.99188743806674
svr_rbf_c10,batch2,batch2_033,1140.0,838.5564966139743,-301.44350338602567,26.442412577721548
svr_rbf_c10,batch2,batch2_034,1186.0,826.8095164638573,-359.19048353614266,30.285875508949633
svr_rbf_c10,batch2,batch2_041,442.0,853.6019312287053,411.6019312287053,93.1226088752727
svr_rbf_c10,batch2,batch2_042,474.0,852.3366768302063,378.33667683020633,79.81786431017011
svr_rbf_c10,batch2,batch2_043,1029.0,887.1706260543234,-141.8293739456766,13.783223901426297
svr_rbf_c10,batch2,batch2_044,841.0,890.2265534214672,49.2265534214672,5.853335721934268
svr_rbf_c10,batch2,batch2_045,997.0,837.3336487796934,-159.66635122030664,16.014679159509193
svr_rbf_c10,batch2,batch2_046,503.0,863.9708890997215,360.9708890997215,71.76359624248936
svr_rbf_c10,batch3,batch3_000,1009.0,889.0812472136124,-119.91875278638759,11.884911078928404
svr_rbf_c10,batch3,batch3_001,1063.0,802.3323706593085,-260.6676293406915,24.521884227722627
svr_rbf_c10,batch3,batch3_003,1115.0,842.8644996682631,-272.1355003317369,24.40677133020062
svr_rbf_c10,batch3,batch3_004,1048.0,934.6551550698343,-113.34484493016566,10.81534779867993
svr_rbf_c10,batch3,batch3_005,828.0,845.7127561659642,17.71275616596415,2.1392217591744145
svr_rbf_c10,batch3,batch3_006,667.0,822.0818685494321,155.0818685494321,23.25065495493735
svr_rbf_c10,batch3,batch3_007,1836.0,873.6784778642409,-962.3215221357591,52.4140262601176
svr_rbf_c10,batch3,batch3_008,828.0,757.4249847433686,-70.57501525663145,8.523552567226021
svr_rbf_c10,batch3,batch3_009,1039.0,789.6491369780623,-249.3508630219377,23.999120598839045
svr_rbf_c10,batch3,batch3_010,1078.0,826.0109990877222,-251.9890009122778,23.37560305308699
svr_rbf_c10,batch3,batch3_011,817.0,830.8213728131927,13.821372813192738,1.6917224985548027
svr_rbf_c10,batch3,batch3_012,932.0,837.4161495669061,-94.58385043309386,10.148481806125952
svr_rbf_c10,batch3,batch3_013,816.0,807.9129925288016,-8.087007471198376,0.9910548371566638
svr_rbf_c10,batch3,batch3_014,858.0,859.9004747592633,1.9004747592632611,0.22150055469268778
svr_rbf_c10,batch3,batch3_015,876.0,795.0573587204319,-80.94264127956808,9.24002754332969
svr_rbf_c10,batch3,batch3_016,1638.0,825.6090745740296,-812.3909254259704,49.59651559377108
svr_rbf_c10,batch3,batch3_017,1315.0,806.5777758739264,-508.4222241260736,38.663287005785065
svr_rbf_c10,batch3,batch3_018,1146.0,815.6172716492673,-330.3827283507327,28.829208407568302
svr_rbf_c10,batch3,batch3_019,1155.0,812.3892410441573,-342.6107589558427,29.663269173666034
svr_rbf_c10,batch3,batch3_020,813.0,746.3321424787817,-66.66785752121825,8.200228477394619
svr_rbf_c10,batch3,batch3_021,772.0,822.9781272160042,50.97812721600417,6.603384354404685
svr_rbf_c10,batch3,batch3_022,1002.0,815.4134469816696,-186.5865530183304,18.62141247687928
svr_rbf_c10,batch3,batch3_024,825.0,842.7570896347894,17.757089634789395,2.152374501186593
svr_rbf_c10,batch3,batch3_025,989.0,834.0831296081991,-154.9168703918009,15.663990939514752
svr_rbf_c10,batch3,batch3_026,1028.0,816.8809522894423,-211.11904771055765,20.536872345384985
svr_rbf_c10,batch3,batch3_027,850.0,829.0248460835257,-20.975153916474255,2.46766516664403
svr_rbf_c10,batch3,batch3_028,541.0,849.5543497904238,308.55434979042377,57.03407574684358
svr_rbf_c10,batch3,batch3_029,858.0,924.2104448616246,66.21044486162464,7.716835065457417
svr_rbf_c10,batch3,batch3_030,935.0,840.9247591855587,-94.07524081444126,10.061523081758423
svr_rbf_c10,batch3,batch3_031,731.0,821.0560667108524,90.0560667108524,12.319571369473653
svr_rbf_c10,batch3,batch3_033,1284.0,791.5835934970984,-492.4164065029016,38.35018742234436
svr_rbf_c10,batch3,batch3_034,1158.0,837.6111326799876,-320.3888673200124,27.667432411054616
svr_rbf_c10,batch3,batch3_035,1093.0,831.1314483674305,-261.8685516325695,23.95869639822228
svr_rbf_c10,batch3,batch3_036,923.0,843.491589235828,-79.50841076417203,8.61412901020282
svr_rbf_c10,batch3,batch3_038,1935.0,780.2016329607424,-1154.7983670392578,59.67950217257146
svr_rbf_c10,batch3,batch3_039,1156.0,842.9140858497483,-313.0859141502517,27.083556587392017
svr_rbf_c10,batch3,batch3_040,796.0,783.9111555595707,-12.088844440429284,1.5186990503051865
svr_rbf_c10,batch3,batch3_041,786.0,817.5521677142835,31.55216771428354,4.014270701562792
svr_rbf_c10,batch3,batch3_044,940.0,842.3256516555398,-97.67434834446021,10.390888121751086
svr_rbf_c10,batch3,batch3_045,1801.0,903.4330681871991,-897.5669318128009,49.83714224390899
knn_3,batch1_holdout,batch1_000,1190.0,1175.6666666666667,-14.333333333333258,1.2044817927170806
knn_3,batch1_holdout,batch1_001,1179.0,1175.6666666666667,-3.3333333333332575,0.2827254735651618
knn_3,batch1_holdout,batch1_002,1177.0,1175.6666666666667,-1.3333333333332575,0.11328235627300404
knn_3,batch1_holdout,batch1_014,880.0,925.6666666666666,45.66666666666663,5.189393939393935
knn_3,batch1_holdout,batch1_015,719.0,818.6666666666666,99.66666666666663,13.861845155308293
knn_3,batch1_holdout,batch1_018,691.0,652.0,-39.0,5.643994211287988
knn_3,batch1_holdout,batch1_019,788.0,698.0,-90.0,11.421319796954315
knn_3,batch1_holdout,batch1_028,860.0,856.0,-4.0,0.46511627906976744
knn_3,batch1_holdout,batch1_029,917.0,752.6666666666666,-164.33333333333337,17.920756088695022
knn_3,batch1_holdout,batch1_034,742.0,725.0,-17.0,2.2911051212938007
knn_3,batch1_holdout,batch1_035,703.0,732.3333333333334,29.33333333333337,4.172593646277862
knn_3,batch2,batch2_000,477.0,875.0,398.0,83.43815513626835
knn_3,batch2,batch2_001,491.0,832.3333333333334,341.33333333333337,69.51799049558724
knn_3,batch2,batch2_002,424.0,638.6666666666666,214.66666666666663,50.628930817610055
knn_3,batch2,batch2_003,499.0,805.0,306.0,61.322645290581164
knn_3,batch2,batch2_004,444.0,591.3333333333334,147.33333333333337,33.183183183183196
knn_3,batch2,batch2_005,416.0,591.3333333333334,175.33333333333337,42.147435897435905
knn_3,batch2,batch2_006,393.0,750.6666666666666,357.66666666666663,91.00932994062765
knn_3,batch2,batch2_010,492.0,875.0,383.0,77.84552845528455
knn_3,batch2,batch2_011,449.0,832.3333333333334,383.33333333333337,85.37490720118782
knn_3,batch2,batch2_012,466.0,875.0,409.0,87.76824034334764
knn_3,batch2,batch2_013,460.0,725.6666666666666,265.66666666666663,57.75362318840579
knn_3,batch2,batch2_014,426.0,626.3333333333334,200.33333333333337,47.026604068857594
knn_3,batch2,batch2_017,471.0,805.0,334.0,70.91295116772824
knn_3,batch2,batch2_018,449.0,796.6666666666666,347.66666666666663,77.43132887899034
knn_3,batch2,batch2_019,392.0,667.6666666666666,275.66666666666663,70.32312925170068
knn_3,batch2,batch2_020,489.0,805.0,316.0,64.62167689161554
knn_3,batch2,batch2_021,408.0,805.0,397.0,97.30392156862744
knn_3,batch2,batch2_024,514.0,805.0,291.0,56.6147859922179
knn_3,batch2,batch2_025,493.0,835.3333333333334,342.33333333333337,69.43881000676133
knn_3,batch2,batch2_026,450.0,805.0,355.0,78.88888888888889
knn_3,batch2,batch2_027,474.0,805.0,331.0,69.83122362869199
knn_3,batch2,batch2_028,437.0,725.6666666666666,288.66666666666663,66.05644546147978
knn_3,batch2,batch2_029,452.0,875.0,423.0,93.58407079646018
knn_3,batch2,batch2_030,412.0,660.3333333333334,248.33333333333337,60.27508090614887
knn_3,batch2,batch2_031,425.0,805.0,380.0,89.41176470588235
knn_3,batch2,batch2_032,809.0,931.6666666666666,122.66666666666663,15.162752369180053
knn_3,batch2,batch2_033,1140.0,818.6666666666666,-321.33333333333337,28.18713450292398
knn_3,batch2,batch2_034,1186.0,863.3333333333334,-322.66666666666663,27.206295671725687
knn_3,batch2,batch2_041,442.0,875.0,433.0,97.96380090497738
knn_3,batch2,batch2_042,474.0,875.0,401.0,84.59915611814345
knn_3,batch2,batch2_043,1029.0,864.3333333333334,-164.66666666666663,16.002591512795593
knn_3,batch2,batch2_044,841.0,864.3333333333334,23.33333333333337,2.774474831549747
knn_3,batch2,batch2_045,997.0,864.3333333333334,-132.66666666666663,13.306586425944495
knn_3,batch2,batch2_046,503.0,875.0,372.0,73.95626242544732
knn_3,batch3,batch3_000,1009.0,818.6666666666666,-190.33333333333337,18.86356128179716
knn_3,batch3,batch3_001,1063.0,817.6666666666666,-245.33333333333337,23.07933521480088
knn_3,batch3,batch3_003,1115.0,741.3333333333334,-373.66666666666663,33.51270553064275
knn_3,batch3,batch3_004,1048.0,813.3333333333334,-234.66666666666663,22.391857506361323
knn_3,batch3,batch3_005,828.0,719.3333333333334,-108.66666666666663,13.123993558776162
knn_3,batch3,batch3_006,667.0,719.3333333333334,52.33333333333337,7.8460769615192465
knn_3,batch3,batch3_007,1836.0,795.6666666666666,-1040.3333333333335,56.663035584604216
knn_3,batch3,batch3_008,828.0,795.6666666666666,-32.33333333333337,3.904991948470214
knn_3,batch3,batch3_009,1039.0,872.0,-167.0,16.07314725697786
knn_3,batch3,batch3_010,1078.0,795.6666666666666,-282.33333333333337,26.190476190476193
knn_3,batch3,batch3_011,817.0,741.3333333333334,-75.66666666666663,9.261525907792732
knn_3,batch3,batch3_012,932.0,934.3333333333334,2.3333333333333712,0.2503576537911342
knn_3,batch3,batch3_013,816.0,741.3333333333334,-74.66666666666663,9.150326797385615
knn_3,batch3,batch3_014,858.0,934.3333333333334,76.33333333333337,8.896658896658902
knn_3,batch3,batch3_015,876.0,750.0,-126.0,14.383561643835616
knn_3,batch3,batch3_016,1638.0,787.0,-851.0,51.953601953601954
knn_3,batch3,batch3_017,1315.0,817.6666666666666,-497.33333333333337,37.82002534854246
knn_3,batch3,batch3_018,1146.0,811.0,-335.0,29.232111692844676
knn_3,batch3,batch3_019,1155.0,852.0,-303.0,26.233766233766232
knn_3,batch3,batch3_020,813.0,719.3333333333334,-93.66666666666663,11.521115211152106
knn_3,batch3,batch3_021,772.0,662.3333333333334,-109.66666666666663,14.205526770293604
knn_3,batch3,batch3_022,1002.0,719.3333333333334,-282.66666666666663,28.21024617431803
knn_3,batch3,batch3_024,825.0,719.3333333333334,-105.66666666666663,12.808080808080803
knn_3,batch3,batch3_025,989.0,741.3333333333334,-247.66666666666663,25.042130097741826
knn_3,batch3,batch3_026,1028.0,852.0,-176.0,17.120622568093385
knn_3,batch3,batch3_027,850.0,741.3333333333334,-108.66666666666663,12.784313725490192
knn_3,batch3,batch3_028,541.0,719.3333333333334,178.33333333333337,32.96364756623537
knn_3,batch3,batch3_029,858.0,878.0,20.0,2.331002331002331
knn_3,batch3,batch3_030,935.0,813.3333333333334,-121.66666666666663,13.012477718360067
knn_3,batch3,batch3_031,731.0,741.3333333333334,10.333333333333371,1.413588691290475
knn_3,batch3,batch3_033,1284.0,795.6666666666666,-488.33333333333337,38.032191069574246
knn_3,batch3,batch3_034,1158.0,741.3333333333334,-416.66666666666663,35.981577432354634
knn_3,batch3,batch3_035,1093.0,741.3333333333334,-351.66666666666663,32.17444342787435
knn_3,batch3,batch3_036,923.0,719.3333333333334,-203.66666666666663,22.065727699530512
knn_3,batch3,batch3_038,1935.0,863.3333333333334,-1071.6666666666665,55.38329026701119
knn_3,batch3,batch3_039,1156.0,719.3333333333334,-436.66666666666663,37.773933102652826
knn_3,batch3,batch3_040,796.0,719.3333333333334,-76.66666666666663,9.631490787269676
knn_3,batch3,batch3_041,786.0,719.3333333333334,-66.66666666666663,8.481764206955042
knn_3,batch3,batch3_044,940.0,872.0,-68.0,7.23404255319149
knn_3,batch3,batch3_045,1801.0,818.6666666666666,-982.3333333333334,54.54377197853045
knn_5,batch1_holdout,batch1_000,1190.0,1080.6,-109.40000000000009,9.193277310924378
knn_5,batch1_holdout,batch1_001,1179.0,1080.6,-98.40000000000009,8.346055979643774
knn_5,batch1_holdout,batch1_002,1177.0,1057.2,-119.79999999999995,10.178419711129989
knn_5,batch1_holdout,batch1_014,880.0,946.0,66.0,7.5
knn_5,batch1_holdout,batch1_015,719.0,833.4,114.39999999999998,15.91098748261474
knn_5,batch1_holdout,batch1_018,691.0,773.4,82.39999999999998,11.924746743849491
knn_5,batch1_holdout,batch1_019,788.0,682.4,-105.60000000000002,13.401015228426399
knn_5,batch1_holdout,batch1_028,860.0,824.8,-35.200000000000045,4.093023255813959
knn_5,batch1_holdout,batch1_029,917.0,843.0,-74.0,8.069792802617231
knn_5,batch1_holdout,batch1_034,742.0,752.6,10.600000000000023,1.4285714285714317
knn_5,batch1_holdout,batch1_035,703.0,715.2,12.200000000000045,1.7354196301564788
knn_5,batch2,batch2_000,477.0,850.4,373.4,78.28092243186583
knn_5,batch2,batch2_001,491.0,776.8,285.79999999999995,58.20773930753563
knn_5,batch2,batch2_002,424.0,641.2,217.20000000000005,51.22641509433963
knn_5,batch2,batch2_003,499.0,727.8,228.79999999999995,45.85170340681362
knn_5,batch2,batch2_004,444.0,637.4,193.39999999999998,43.55855855855855
knn_5,batch2,batch2_005,416.0,637.4,221.39999999999998,53.22115384615384
knn_5,batch2,batch2_006,393.0,727.8,334.79999999999995,85.19083969465647
knn_5,batch2,batch2_010,492.0,850.4,358.4,72.84552845528455
knn_5,batch2,batch2_011,449.0,776.8,327.79999999999995,73.0066815144766
knn_5,batch2,batch2_012,466.0,786.4,320.4,68.75536480686695
knn_5,batch2,batch2_013,460.0,712.8,252.79999999999995,54.95652173913043
knn_5,batch2,batch2_014,426.0,602.4,176.39999999999998,41.408450704225345
knn_5,batch2,batch2_017,471.0,726.0,255.0,54.140127388535035
knn_5,batch2,batch2_018,449.0,785.8,336.79999999999995,75.01113585746101
knn_5,batch2,batch2_019,392.0,726.0,334.0,85.20408163265306
knn_5,batch2,batch2_020,489.0,727.8,238.79999999999995,48.83435582822085
knn_5,batch2,batch2_021,408.0,727.8,319.79999999999995,78.38235294117646
knn_5,batch2,batch2_024,514.0,776.8,262.79999999999995,51.128404669260696
knn_5,batch2,batch2_025,493.0,832.8,339.79999999999995,68.92494929006084
knn_5,batch2,batch2_026,450.0,776.8,326.79999999999995,72.62222222222222
knn_5,batch2,batch2_027,474.0,776.8,302.79999999999995,63.88185654008438
knn_5,batch2,batch2_028,437.0,712.8,275.79999999999995,63.11212814645308
knn_5,batch2,batch2_029,452.0,850.4,398.4,88.14159292035399
knn_5,batch2,batch2_030,412.0,677.0,265.0,64.32038834951456
knn_5,batch2,batch2_031,425.0,776.8,351.79999999999995,82.77647058823527
knn_5,batch2,batch2_032,809.0,941.2,132.20000000000005,16.341161928306555
knn_5,batch2,batch2_033,1140.0,852.2,-287.79999999999995,25.245614035087716
knn_5,batch2,batch2_034,1186.0,858.4,-327.6,27.622259696458688
knn_5,batch2,batch2_041,442.0,786.4,344.4,77.91855203619909
knn_5,batch2,batch2_042,474.0,850.4,376.4,79.40928270042194
knn_5,batch2,batch2_043,1029.0,905.2,-123.79999999999995,12.031098153547129
knn_5,batch2,batch2_044,841.0,905.2,64.20000000000005,7.633769322235439
knn_5,batch2,batch2_045,997.0,867.4,-129.60000000000002,12.99899699097292
knn_5,batch2,batch2_046,503.0,908.4,405.4,80.59642147117296
knn_5,batch3,batch3_000,1009.0,789.4,-219.60000000000002,21.764122893954415
knn_5,batch3,batch3_001,1063.0,824.2,-238.79999999999995,22.464722483537155
knn_5,batch3,batch3_003,1115.0,785.2,-329.79999999999995,29.578475336322864
knn_5,batch3,batch3_004,1048.0,839.2,-208.79999999999995,19.9236641221374
knn_5,batch3,batch3_005,828.0,725.8,-102.20000000000005,12.34299516908213
knn_5,batch3,batch3_006,667.0,661.8,-5.2000000000000455,0.7796101949025556
knn_5,batch3,batch3_007,1836.0,852.2,-983.8,53.5838779956427
knn_5,batch3,batch3_008,828.0,811.0,-17.0,2.0531400966183573
knn_5,batch3,batch3_009,1039.0,783.0,-256.0,24.6390760346487
knn_5,batch3,batch3_010,1078.0,789.4,-288.6,26.77179962894249
knn_5,batch3,batch3_011,817.0,771.6,-45.39999999999998,5.556915544675641
knn_5,batch3,batch3_012,932.0,861.0,-71.0,7.618025751072961
knn_5,batch3,batch3_013,816.0,824.2,8.200000000000045,1.0049019607843193
knn_5,batch3,batch3_014,858.0,879.8,21.799999999999955,2.5407925407925354
knn_5,batch3,batch3_015,876.0,824.2,-51.799999999999955,5.913242009132415
knn_5,batch3,batch3_016,1638.0,851.6,-786.4,48.00976800976801
knn_5,batch3,batch3_017,1315.0,851.6,-463.4,35.239543726235745
knn_5,batch3,batch3_018,1146.0,858.4,-287.6,25.095986038394418
knn_5,batch3,batch3_019,1155.0,895.0,-260.0,22.51082251082251
knn_5,batch3,batch3_020,813.0,811.0,-2.0,0.24600246002460024
knn_5,batch3,batch3_021,772.0,725.8,-46.200000000000045,5.984455958549229
knn_5,batch3,batch3_022,1002.0,778.4,-223.60000000000002,22.31536926147705
knn_5,batch3,batch3_024,825.0,778.4,-46.60000000000002,5.648484848484851
knn_5,batch3,batch3_025,989.0,820.2,-168.79999999999995,17.067745197168854
knn_5,batch3,batch3_026,1028.0,895.0,-133.0,12.937743190661479
knn_5,batch3,batch3_027,850.0,805.8,-44.200000000000045,5.2000000000000055
knn_5,batch3,batch3_028,541.0,661.8,120.79999999999995,22.329020332717185
knn_5,batch3,batch3_029,858.0,856.8,-1.2000000000000455,0.13986013986014517
knn_5,batch3,batch3_030,935.0,780.2,-154.79999999999995,16.556149732620316
knn_5,batch3,batch3_031,731.0,771.6,40.60000000000002,5.554035567715461
knn_5,batch3,batch3_033,1284.0,811.0,-473.0,36.838006230529594
knn_5,batch3,batch3_034,1158.0,805.8,-352.20000000000005,30.41450777202073
knn_5,batch3,batch3_035,1093.0,805.8,-287.20000000000005,26.276303751143644
knn_5,batch3,batch3_036,923.0,805.8,-117.20000000000005,12.69772481040087
knn_5,batch3,batch3_038,1935.0,874.4,-1060.6,54.81136950904392
knn_5,batch3,batch3_039,1156.0,811.0,-345.0,29.844290657439448
knn_5,batch3,batch3_040,796.0,778.4,-17.600000000000023,2.2110552763819125
knn_5,batch3,batch3_041,786.0,811.0,25.0,3.1806615776081424
knn_5,batch3,batch3_044,940.0,875.2,-64.79999999999995,6.893617021276591
knn_5,batch3,batch3_045,1801.0,852.2,-948.8,52.681843420322046
tree_d2,batch1_holdout,batch1_000,1190.0,1100.75,-89.25,7.5
tree_d2,batch1_holdout,batch1_001,1179.0,1100.75,-78.25,6.636980491942324
tree_d2,batch1_holdout,batch1_002,1177.0,1100.75,-76.25,6.478334749362786
tree_d2,batch1_holdout,batch1_014,880.0,912.9411764705883,32.94117647058829,3.7433155080213965
tree_d2,batch1_holdout,batch1_015,719.0,912.9411764705883,193.9411764705883,26.973738034852335
tree_d2,batch1_holdout,batch1_018,691.0,692.25,1.25,0.1808972503617945
tree_d2,batch1_holdout,batch1_019,788.0,692.25,-95.75,12.151015228426395
tree_d2,batch1_holdout,batch1_028,860.0,912.9411764705883,52.94117647058829,6.155950752393987
tree_d2,batch1_holdout,batch1_029,917.0,912.9411764705883,-4.058823529411711,0.44261979601000123
tree_d2,batch1_holdout,batch1_034,742.0,912.9411764705883,170.9411764705883,23.037894403044245
tree_d2,batch1_holdout,batch1_035,703.0,692.25,-10.75,1.5291607396870555
tree_d2,batch2,batch2_000,477.0,591.6666666666666,114.66666666666663,24.039133473095728
tree_d2,batch2,batch2_001,491.0,591.6666666666666,100.66666666666663,20.50237610319076
tree_d2,batch2,batch2_002,424.0,591.6666666666666,167.66666666666663,39.544025157232696
tree_d2,batch2,batch2_003,499.0,591.6666666666666,92.66666666666663,18.57047428189712
tree_d2,batch2,batch2_004,444.0,591.6666666666666,147.66666666666663,33.25825825825825
tree_d2,batch2,batch2_005,416.0,591.6666666666666,175.66666666666663,42.227564102564095
tree_d2,batch2,batch2_006,393.0,591.6666666666666,198.66666666666663,50.55131467345207
tree_d2,batch2,batch2_010,492.0,591.6666666666666,99.66666666666663,20.257452574525736
tree_d2,batch2,batch2_011,449.0,591.6666666666666,142.66666666666663,31.774313288789894
tree_d2,batch2,batch2_012,466.0,591.6666666666666,125.66666666666663,26.967095851216015
tree_d2,batch2,batch2_013,460.0,591.6666666666666,131.66666666666663,28.62318840579709
tree_d2,batch2,batch2_014,426.0,591.6666666666666,165.66666666666663,38.888888888888886
tree_d2,batch2,batch2_017,471.0,591.6666666666666,120.66666666666663,25.61924982307147
tree_d2,batch2,batch2_018,449.0,701.8181818181819,252.81818181818187,56.306944725652976
tree_d2,batch2,batch2_019,392.0,591.6666666666666,199.66666666666663,50.93537414965986
tree_d2,batch2,batch2_020,489.0,591.6666666666666,102.66666666666663,20.99522835719154
tree_d2,batch2,batch2_021,408.0,591.6666666666666,183.66666666666663,45.01633986928104
tree_d2,batch2,batch2_024,514.0,701.8181818181819,187.81818181818187,36.54050229925718
tree_d2,batch2,batch2_025,493.0,591.6666666666666,98.66666666666663,20.013522650439477
tree_d2,batch2,batch2_026,450.0,591.6666666666666,141.66666666666663,31.48148148148147
tree_d2,batch2,batch2_027,474.0,591.6666666666666,117.66666666666663,24.824191279887472
tree_d2,batch2,batch2_028,437.0,591.6666666666666,154.66666666666663,35.39282990083905
tree_d2,batch2,batch2_029,452.0,591.6666666666666,139.66666666666663,30.89970501474925
tree_d2,batch2,batch2_030,412.0,591.6666666666666,179.66666666666663,43.608414239482194
tree_d2,batch2,batch2_031,425.0,591.6666666666666,166.66666666666663,39.2156862745098
tree_d2,batch2,batch2_032,809.0,891.9130434782609,82.91304347826087,10.24883108507551
tree_d2,batch2,batch2_033,1140.0,1178.8333333333333,38.83333333333326,3.406432748538005
tree_d2,batch2,batch2_034,1186.0,1178.8333333333333,-7.1666666666667425,0.6042720629567236
tree_d2,batch2,batch2_041,442.0,591.6666666666666,149.66666666666663,33.861236802413266
tree_d2,batch2,batch2_042,474.0,591.6666666666666,117.66666666666663,24.824191279887472
tree_d2,batch2,batch2_043,1029.0,1178.8333333333333,149.83333333333326,14.561062520246185
tree_d2,batch2,batch2_044,841.0,1178.8333333333333,337.83333333333326,40.17043202536662
tree_d2,batch2,batch2_045,997.0,1178.8333333333333,181.83333333333326,18.238047475760606
tree_d2,batch2,batch2_046,503.0,591.6666666666666,88.66666666666663,17.627567925778653
tree_d2,batch3,batch3_000,1009.0,1178.8333333333333,169.83333333333326,16.83184671291707
tree_d2,batch3,batch3_001,1063.0,1178.8333333333333,115.83333333333326,10.89683286296644
tree_d2,batch3,batch3_003,1115.0,891.9130434782609,-223.08695652173913,20.007798791187366
tree_d2,batch3,batch3_004,1048.0,1178.8333333333333,130.83333333333326,12.484096692111951
tree_d2,batch3,batch3_005,828.0,891.9130434782609,63.913043478260875,7.718966603654695
tree_d2,batch3,batch3_006,667.0,591.6666666666666,-75.33333333333337,11.294352823588213
tree_d2,batch3,batch3_007,1836.0,1178.8333333333333,-657.1666666666667,35.79339143064634
tree_d2,batch3,batch3_008,828.0,891.9130434782609,63.913043478260875,7.718966603654695
tree_d2,batch3,batch3_009,1039.0,891.9130434782609,-147.08695652173913,14.156588693141398
tree_d2,batch3,batch3_010,1078.0,1178.8333333333333,100.83333333333326,9.353741496598632
tree_d2,batch3,batch3_011,817.0,891.9130434782609,74.91304347826087,9.169283167473791
tree_d2,batch3,batch3_012,932.0,891.9130434782609,-40.086956521739125,4.30117559246128
tree_d2,batch3,batch3_013,816.0,891.9130434782609,75.91304347826087,9.303069053708441
tree_d2,batch3,batch3_014,858.0,891.9130434782609,33.913043478260875,3.952569169960475
tree_d2,batch3,batch3_015,876.0,891.9130434782609,15.913043478260875,1.8165574746873145
tree_d2,batch3,batch3_016,1638.0,1178.8333333333333,-459.16666666666674,28.032153032153037
tree_d2,batch3,batch3_017,1315.0,1178.8333333333333,-136.16666666666674,10.354879594423327
tree_d2,batch3,batch3_018,1146.0,1178.8333333333333,32.83333333333326,2.865037812681785
tree_d2,batch3,batch3_019,1155.0,1178.8333333333333,23.833333333333258,2.063492063492057
tree_d2,batch3,batch3_020,813.0,891.9130434782609,78.91304347826087,9.706401411840206
tree_d2,batch3,batch3_021,772.0,701.8181818181819,-70.18181818181813,9.090909090909083
tree_d2,batch3,batch3_022,1002.0,891.9130434782609,-110.08695652173913,10.986722207758396
tree_d2,batch3,batch3_024,825.0,891.9130434782609,66.91304347826087,8.110671936758894
tree_d2,batch3,batch3_025,989.0,891.9130434782609,-97.08695652173913,9.81667912252165
tree_d2,batch3,batch3_026,1028.0,1178.8333333333333,150.83333333333326,14.672503242542145
tree_d2,batch3,batch3_027,850.0,891.9130434782609,41.913043478260875,4.930946291560104
tree_d2,batch3,batch3_028,541.0,591.6666666666666,50.66666666666663,9.365372766481816
tree_d2,batch3,batch3_029,858.0,891.9130434782609,33.913043478260875,3.952569169960475
tree_d2,batch3,batch3_030,935.0,891.9130434782609,-43.086956521739125,4.6082306440362695
tree_d2,batch3,batch3_031,731.0,891.9130434782609,160.91304347826087,22.01272824600012
tree_d2,batch3,batch3_033,1284.0,1178.8333333333333,-105.16666666666674,8.190550363447567
tree_d2,batch3,batch3_034,1158.0,1178.8333333333333,20.833333333333258,1.7990788716177253
tree_d2,batch3,batch3_035,1093.0,1178.8333333333333,85.83333333333326,7.853003964623353
tree_d2,batch3,batch3_036,923.0,1178.8333333333333,255.83333333333326,27.717587576742496
tree_d2,batch3,batch3_038,1935.0,1178.8333333333333,-756.1666666666667,39.07838070628769
tree_d2,batch3,batch3_039,1156.0,1178.8333333333333,22.833333333333258,1.9752018454440534
tree_d2,batch3,batch3_040,796.0,1178.8333333333333,382.83333333333326,48.09463986599664
tree_d2,batch3,batch3_041,786.0,1178.8333333333333,392.83333333333326,49.97879558948261
tree_d2,batch3,batch3_044,940.0,891.9130434782609,-48.086956521739125,5.115633672525439
tree_d2,batch3,batch3_045,1801.0,1178.8333333333333,-622.1666666666667,34.54562280214696
random_forest,batch1_holdout,batch1_000,1190.0,1134.6218308802308,-55.378169119769154,4.653627657123458
random_forest,batch1_holdout,batch1_001,1179.0,1137.853683261183,-41.14631673881695,3.4899335656333292
random_forest,batch1_holdout,batch1_002,1177.0,1140.5455689754685,-36.45443102453146,3.0972328822881443
random_forest,batch1_holdout,batch1_014,880.0,907.2399468975469,27.23994689754693,3.095448511084878
random_forest,batch1_holdout,batch1_015,719.0,881.9357764457759,162.9357764457759,22.661443177437537
random_forest,batch1_holdout,batch1_018,691.0,699.2376666666664,8.237666666666428,1.1921369995175728
random_forest,batch1_holdout,batch1_019,788.0,708.4094666666664,-79.59053333333361,10.100321489001727
random_forest,batch1_holdout,batch1_028,860.0,888.9737412032409,28.973741203240934,3.3690396747954576
random_forest,batch1_holdout,batch1_029,917.0,895.3371050394047,-21.66289496059528,2.362365862660336
random_forest,batch1_holdout,batch1_034,742.0,886.9690296481292,144.9690296481292,19.537605073871863
random_forest,batch1_holdout,batch1_035,703.0,735.6324132645132,32.63241326451316,4.641879553984802
random_forest,batch2,batch2_000,477.0,623.1960571428573,146.19605714285728,30.649068583408233
random_forest,batch2,batch2_001,491.0,607.0945492063491,116.09454920634914,23.64451103998964
random_forest,batch2,batch2_002,424.0,602.441812698413,178.44181269841295,42.085333183587956
random_forest,batch2,batch2_003,499.0,629.1120190476192,130.11201904761924,26.07455291535456
random_forest,batch2,batch2_004,444.0,584.0046063492063,140.00460634920626,31.532568997568976
random_forest,batch2,batch2_005,416.0,601.0065158730159,185.00651587301593,44.472720161782675
random_forest,batch2,batch2_006,393.0,662.328561904762,269.32856190476195,68.5314406882346
random_forest,batch2,batch2_010,492.0,624.9168571428572,132.91685714285722,27.015621370499435
random_forest,batch2,batch2_011,449.0,625.2878857142858,176.28788571428584,39.262335348393286
random_forest,batch2,batch2_012,466.0,616.1757206349206,150.1757206349206,32.22654949247223
random_forest,batch2,batch2_013,460.0,601.5455873015874,141.54558730158737,30.770779848171166
random_forest,batch2,batch2_014,426.0,578.7387809523807,152.7387809523807,35.85417393248373
random_forest,batch2,batch2_017,471.0,623.6553190476193,152.6553190476193,32.41089576382575
random_forest,batch2,batch2_018,449.0,686.3205881451886,237.3205881451886,52.855364843026415
random_forest,batch2,batch2_019,392.0,600.3263158730159,208.32631587301591,53.14446833495304
random_forest,batch2,batch2_020,489.0,629.1120190476192,140.11201904761924,28.65276463141498
random_forest,batch2,batch2_021,408.0,607.0945492063491,199.09454920634914,48.797683629007146
random_forest,batch2,batch2_024,514.0,743.6638238095238,229.66382380952382,44.68167778395405
random_forest,batch2,batch2_025,493.0,654.4275507936509,161.42755079365088,32.74392511027401
random_forest,batch2,batch2_026,450.0,607.0945492063491,157.09454920634914,34.90989982363315
random_forest,batch2,batch2_027,474.0,627.0378190476192,153.03781904761922,32.2864597146876
random_forest,batch2,batch2_028,437.0,620.4279904761905,183.42799047619053,41.97436853002072
random_forest,batch2,batch2_029,452.0,623.1960571428573,171.19605714285728,37.87523388116311
random_forest,batch2,batch2_030,412.0,607.0945492063491,195.09454920634914,47.35304592387115
random_forest,batch2,batch2_031,425.0,606.6759492063492,181.67594920634917,42.74728216619981
random_forest,batch2,batch2_032,809.0,946.22828893932,137.22828893932,16.96270567853152
random_forest,batch2,batch2_033,1140.0,982.2527152958148,-157.74728470418518,13.837481114402209
random_forest,batch2,batch2_034,1186.0,1099.2569502164506,-86.7430497835494,7.313916507887807
random_forest,batch2,batch2_041,442.0,616.1757206349206,174.1757206349206,39.40627163685986
random_forest,batch2,batch2_042,474.0,637.8261904761906,163.82619047619062,34.56248744223431
random_forest,batch2,batch2_043,1029.0,1051.9407105076211,22.940710507621134,2.2294179307697894
random_forest,batch2,batch2_044,841.0,1114.2150427350427,273.21504273504274,32.486925414392715
random_forest,batch2,batch2_045,997.0,1045.5132438409544,48.513243840954374,4.865922150547078
random_forest,batch2,batch2_046,503.0,637.8261904761906,134.82619047619062,26.804411625485212
random_forest,batch3,batch3_000,1009.0,984.1417914862911,-24.85820851370886,2.463648019198103
random_forest,batch3,batch3_001,1063.0,1004.6648629148629,-58.33513708513715,5.487783357021368
random_forest,batch3,batch3_003,1115.0,855.5556507936507,-259.44434920634933,23.268551498327295
random_forest,batch3,batch3_004,1048.0,1008.4835641262239,-39.51643587377612,3.770652278032072
random_forest,batch3,batch3_005,828.0,855.5556507936507,27.55565079365067,3.3279771489916268
random_forest,batch3,batch3_006,667.0,613.350607936508,-53.64939206349197,8.043387115965814
random_forest,batch3,batch3_007,1836.0,1099.8172629148632,-736.1827370851368,40.09709896977869
random_forest,batch3,batch3_008,828.0,857.3547571428568,29.354757142856784,3.5452605244996116
random_forest,batch3,batch3_009,1039.0,855.0892606587768,-183.91073934122323,17.7007448836596
random_forest,batch3,batch3_010,1078.0,1091.0688391053393,13.068839105339293,1.2123227370444614
random_forest,batch3,batch3_011,817.0,809.4482206838912,-7.551779316108764,0.9243303936485635
random_forest,batch3,batch3_012,932.0,863.5962602924764,-68.40373970752364,7.33945705016348
random_forest,batch3,batch3_013,816.0,857.0153174603174,41.01531746031742,5.02638694366635
random_forest,batch3,batch3_014,858.0,858.2290640209118,0.22906402091177824,0.02669743833470609
random_forest,batch3,batch3_015,876.0,824.5471133578839,-51.45288664211614,5.8736171965886
random_forest,batch3,batch3_016,1638.0,1101.6300168831172,-536.3699831168828,32.745420214705916
random_forest,batch3,batch3_017,1315.0,1096.7952835497838,-218.2047164502162,16.593514558951803
random_forest,batch3,batch3_018,1146.0,983.9835295815295,-162.01647041847048,14.137562863740879
random_forest,batch3,batch3_019,1155.0,1004.9651133325734,-150.03488666742658,12.99003347769927
random_forest,batch3,batch3_020,813.0,871.9138464979463,58.91384649794634,7.24647558400324
random_forest,batch3,batch3_021,772.0,678.6949851148855,-93.30501488511447,12.086141824496693
random_forest,batch3,batch3_022,1002.0,851.0271037341744,-150.97289626582563,15.06715531595066
random_forest,batch3,batch3_024,825.0,890.0247174603174,65.02471746031745,7.8817839345839324
random_forest,batch3,batch3_025,989.0,860.2742857142857,-128.72571428571428,13.015744619384659
random_forest,batch3,batch3_026,1028.0,1006.4588990468591,-21.541100953140926,2.0954378359086503
random_forest,batch3,batch3_027,850.0,855.5556507936507,5.5556507936506705,0.6536059757236083
random_forest,batch3,batch3_028,541.0,606.2659460317461,65.26594603174613,12.063945662060283
random_forest,batch3,batch3_029,858.0,924.8257369741366,66.82573697413659,7.788547432883052
random_forest,batch3,batch3_030,935.0,851.0774746031741,-83.9225253968259,8.975671165435926
random_forest,batch3,batch3_031,731.0,812.2750825886533,81.27508258865328,11.118342351388957
random_forest,batch3,batch3_033,1284.0,1077.0827676767678,-206.91723232323216,16.115049246357646
random_forest,batch3,batch3_034,1158.0,1053.8222978354984,-104.17770216450162,8.996347337176307
random_forest,batch3,batch3_035,1093.0,983.0641962481961,-109.93580375180386,10.05817051709093
random_forest,batch3,batch3_036,923.0,983.9835295815295,60.983529581529524,6.607099629634835
random_forest,batch3,batch3_038,1935.0,1079.0192049783552,-855.9807950216448,44.23673359284986
random_forest,batch3,batch3_039,1156.0,1099.2569502164506,-56.743049783549395,4.908568320376245
random_forest,batch3,batch3_040,796.0,1053.8222978354984,257.8222978354984,32.38973590898221
random_forest,batch3,batch3_041,786.0,983.2607676767676,197.2607676767676,25.096789780759238
random_forest,batch3,batch3_044,940.0,908.3779818806922,-31.622018119307768,3.364044480777422
random_forest,batch3,batch3_045,1801.0,1099.8172629148632,-701.1827370851368,38.932967078575054
extra_trees,batch1_holdout,batch1_000,1190.0,1125.3857403101194,-64.61425968988056,5.429769721838702
extra_trees,batch1_holdout,batch1_001,1179.0,1146.2020070571152,-32.797992942884775,2.781848426029243
extra_trees,batch1_holdout,batch1_002,1177.0,1144.3594783067638,-32.640521693236224,2.773196405542585
extra_trees,batch1_holdout,batch1_014,880.0,916.7893118466283,36.789311846628266,4.18060361893503
extra_trees,batch1_holdout,batch1_015,719.0,895.5013111943389,176.50131119433888,24.548165673760625
extra_trees,batch1_holdout,batch1_018,691.0,726.7203268403375,35.72032684033752,5.169367125953332
extra_trees,batch1_holdout,batch1_019,788.0,709.704162539348,-78.29583746065202,9.936019982316246
extra_trees,batch1_holdout,batch1_028,860.0,826.2876636670641,-33.712336332935934,3.9200391084809225
extra_trees,batch1_holdout,batch1_029,917.0,825.3972347795944,-91.60276522040556,9.989396425344118
extra_trees,batch1_holdout,batch1_034,742.0,832.2352342898881,90.23523428988813,12.161082788394626
extra_trees,batch1_holdout,batch1_035,703.0,759.8564625202064,56.85646252020638,8.087690258919826
extra_trees,batch2,batch2_000,477.0,676.0611632035864,199.06116320358637,41.73190004268058
extra_trees,batch2,batch2_001,491.0,600.735659306666,109.73565930666598,22.34942144738615
extra_trees,batch2,batch2_002,424.0,632.1455274469499,208.14552744694993,49.090926284658
extra_trees,batch2,batch2_003,499.0,670.6030862916093,171.60308629160932,34.38939605042271
extra_trees,batch2,batch2_004,444.0,584.6653737283555,140.66537372835546,31.681390479359337
extra_trees,batch2,batch2_005,416.0,587.5728480873299,171.57284808732993,41.243473097915846
extra_trees,batch2,batch2_006,393.0,681.4351789355401,288.4351789355401,73.39317530166414
extra_trees,batch2,batch2_010,492.0,671.1893267144955,179.18932671449545,36.4205948606698
extra_trees,batch2,batch2_011,449.0,666.1365827911671,217.13658279116714,48.360040710727645
extra_trees,batch2,batch2_012,466.0,646.5768326960217,180.5768326960217,38.75039328240809
extra_trees,batch2,batch2_013,460.0,606.9129624812692,146.91296248126923,31.937600539406358
extra_trees,batch2,batch2_014,426.0,582.4505893127712,156.45058931277117,36.72549044900732
extra_trees,batch2,batch2_017,471.0,668.9337772007003,197.93377720070032,42.0241565181954
extra_trees,batch2,batch2_018,449.0,739.2322202519771,290.2322202519771,64.6396927064537
extra_trees,batch2,batch2_019,392.0,596.4748230873299,204.47482308732992,52.16194466513519
extra_trees,batch2,batch2_020,489.0,646.6369261372948,157.63692613729484,32.23659021212573
extra_trees,batch2,batch2_021,408.0,600.735659306666,192.73565930666598,47.23913218300637
extra_trees,batch2,batch2_024,514.0,743.8076690447625,229.80766904476252,44.70966323828065
extra_trees,batch2,batch2_025,493.0,687.6430624946335,194.64306249463345,39.48135141878975
extra_trees,batch2,batch2_026,450.0,600.735659306666,150.73565930666598,33.49681317925911
extra_trees,batch2,batch2_027,474.0,666.3250827911672,192.32508279116723,40.57491198125891
extra_trees,batch2,batch2_028,437.0,633.5999705180603,196.59997051806033,44.98855160596346
extra_trees,batch2,batch2_029,452.0,689.5928857144089,237.5928857144089,52.564797724426754
extra_trees,batch2,batch2_030,412.0,597.4523259733328,185.4523259733328,45.01270047896426
extra_trees,batch2,batch2_031,425.0,599.839434198441,174.83943419844104,41.13869039963319
extra_trees,batch2,batch2_032,809.0,920.3480349169837,111.34803491698369,13.763663154138898
extra_trees,batch2,batch2_033,1140.0,920.4254888104541,-219.5745111895459,19.26092203417069
extra_trees,batch2,batch2_034,1186.0,1027.3489313142331,-158.65106868576686,13.376987241632957
extra_trees,batch2,batch2_041,442.0,653.1382326960219,211.13823269602187,47.76883092670178
extra_trees,batch2,batch2_042,474.0,689.8580673510518,215.85806735105177,45.539676656340035
extra_trees,batch2,batch2_043,1029.0,985.0677486136599,-43.93225138634011,4.26941218526143
extra_trees,batch2,batch2_044,841.0,1032.0899711678157,191.08997116781575,22.721756381428744
extra_trees,batch2,batch2_045,997.0,940.2252176254757,-56.77478237452431,5.694561923222097
extra_trees,batch2,batch2_046,503.0,722.4710951233005,219.47109512330053,43.63242447779335
extra_trees,batch3,batch3_000,1009.0,934.390139446093,-74.60986055390697,7.394436130218728
extra_trees,batch3,batch3_001,1063.0,944.3804009837929,-118.61959901620708,11.158946285626254
extra_trees,batch3,batch3_003,1115.0,868.7595115712317,-246.24048842876834,22.084348738006128
extra_trees,batch3,batch3_004,1048.0,919.4882503522892,-128.51174964771076,12.26257153127011
extra_trees,batch3,batch3_005,828.0,868.8581782378983,40.8581782378983,4.934562589118152
extra_trees,batch3,batch3_006,667.0,661.5183244095105,-5.4816755904895444,0.8218404183642496
extra_trees,batch3,batch3_007,1836.0,1053.3919090114464,-782.6080909885536,42.625713016805754
extra_trees,batch3,batch3_008,828.0,869.9670786263987,41.96707862639869,5.068487756811436
extra_trees,batch3,batch3_009,1039.0,855.7702678998347,-183.22973210016528,17.63520039462611
extra_trees,batch3,batch3_010,1078.0,1002.2901215839256,-75.70987841607439,7.023179815962374
extra_trees,batch3,batch3_011,817.0,829.2389846017946,12.238984601794641,1.4980397309418165
extra_trees,batch3,batch3_012,932.0,867.6159397878937,-64.3840602121063,6.9081609669641955
extra_trees,batch3,batch3_013,816.0,874.3532175957627,58.35321759576266,7.151129607323854
extra_trees,batch3,batch3_014,858.0,872.7395014894477,14.739501489447662,1.7178906164857415
extra_trees,batch3,batch3_015,876.0,852.9032777085445,-23.096722291455535,2.636612133727801
extra_trees,batch3,batch3_016,1638.0,1093.2268520290163,-544.7731479709837,33.258433942062496
extra_trees,batch3,batch3_017,1315.0,1025.0966407159426,-289.9033592840574,22.045882835289532
extra_trees,batch3,batch3_018,1146.0,939.2542688056225,-206.74573119437753,18.04063972027727
extra_trees,batch3,batch3_019,1155.0,906.6008393373784,-248.39916066262163,21.506420836590618
extra_trees,batch3,batch3_020,813.0,868.9668665424255,55.966866542425464,6.883993424652579
extra_trees,batch3,batch3_021,772.0,727.2502815748156,-44.74971842518437,5.796595650930617
extra_trees,batch3,batch3_022,1002.0,863.2463739627829,-138.75362603721715,13.847667269183347
extra_trees,batch3,batch3_024,825.0,874.8759767726967,49.87597677269673,6.045572942145058
extra_trees,batch3,batch3_025,989.0,870.2949306188507,-118.70506938114931,12.002534821147554
extra_trees,batch3,batch3_026,1028.0,936.2295140722294,-91.77048592777055,8.9270900707948
extra_trees,batch3,batch3_027,850.0,868.3392734759935,18.339273475993537,2.1575615854110044
extra_trees,batch3,batch3_028,541.0,630.1317182618368,89.1317182618368,16.475363819193493
extra_trees,batch3,batch3_029,858.0,940.7097732229357,82.70977322293572,9.639833708966869
extra_trees,batch3,batch3_030,935.0,882.1266427067628,-52.87335729323718,5.654904523340875
extra_trees,batch3,batch3_031,731.0,813.3344090244483,82.33440902444829,11.263257048488137
extra_trees,batch3,batch3_033,1284.0,994.8139927899126,-289.1860072100874,22.522274704835464
extra_trees,batch3,batch3_034,1158.0,957.7323078762468,-200.26769212375325,17.294273931239488
extra_trees,batch3,batch3_035,1093.0,916.9493938720592,-176.0506061279408,16.107100286179396
extra_trees,batch3,batch3_036,923.0,934.3511237506774,11.351123750677402,1.2298075569531313
extra_trees,batch3,batch3_038,1935.0,991.8673012778016,-943.1326987221984,48.74070794429966
extra_trees,batch3,batch3_039,1156.0,1031.108709092011,-124.89129090798906,10.803744888234348
extra_trees,batch3,batch3_040,796.0,951.6274797716716,155.62747977167157,19.551190926089394
extra_trees,batch3,batch3_041,786.0,911.4869211447865,125.48692114478649,15.965257143102608
extra_trees,batch3,batch3_044,940.0,887.1270312016013,-52.87296879839869,5.624783914723265
extra_trees,batch3,batch3_045,1801.0,1065.1340764839738,-735.8659235160262,40.85874089483766
gradient_boosting,batch1_holdout,batch1_000,1190.0,1113.8196861833724,-76.18031381662763,6.401707043414087
gradient_boosting,batch1_holdout,batch1_001,1179.0,1113.8196861833724,-65.18031381662763,5.528440527279697
gradient_boosting,batch1_holdout,batch1_002,1177.0,1190.2712791483698,13.271279148369786,1.127551329513151
gradient_boosting,batch1_holdout,batch1_014,880.0,872.8972455436657,-7.10275445633431,0.8071311882198079
gradient_boosting,batch1_holdout,batch1_015,719.0,867.8277704980819,148.82777049808192,20.69927267010875
gradient_boosting,batch1_holdout,batch1_018,691.0,706.919145290673,15.919145290672986,2.3037836889541223
gradient_boosting,batch1_holdout,batch1_019,788.0,700.8391825855975,-87.16081741440246,11.061017438375947
gradient_boosting,batch1_holdout,batch1_028,860.0,847.4627092812091,-12.537290718790928,1.4578245021849916
gradient_boosting,batch1_holdout,batch1_029,917.0,845.5055369090911,-71.49446309090888,7.79656086051351
gradient_boosting,batch1_holdout,batch1_034,742.0,842.4623123092249,100.4623123092249,13.539395189922494
gradient_boosting,batch1_holdout,batch1_035,703.0,643.7832983035645,-59.21670169643551,8.42342840632084
gradient_boosting,batch2,batch2_000,477.0,659.8897159078962,182.88971590789617,38.34165951947509
gradient_boosting,batch2,batch2_001,491.0,650.3192421610343,159.31924216103425,32.44791082709455
gradient_boosting,batch2,batch2_002,424.0,614.0236893618794,190.0236893618794,44.816907868367785
gradient_boosting,batch2,batch2_003,499.0,672.2244907663356,173.22449076633563,34.714326806880884
gradient_boosting,batch2,batch2_004,444.0,614.2222032828062,170.22220328280616,38.338334072704086
gradient_boosting,batch2,batch2_005,416.0,654.6246461870932,238.62464618709316,57.36169379497432
gradient_boosting,batch2,batch2_006,393.0,672.2244907663356,279.22449076633563,71.04948874461466
gradient_boosting,batch2,batch2_010,492.0,654.5676655695247,162.5676655695247,33.04220844909039
gradient_boosting,batch2,batch2_011,449.0,672.2244907663356,223.22449076633563,49.71592221967386
gradient_boosting,batch2,batch2_012,466.0,640.1448456756821,174.14484567568206,37.37013855701332
gradient_boosting,batch2,batch2_013,460.0,637.9844673025948,177.9844673025948,38.69227550056409
gradient_boosting,batch2,batch2_014,426.0,590.2969346955769,164.29693469557685,38.56735556234199
gradient_boosting,batch2,batch2_017,471.0,669.0121513392068,198.01215133920675,42.040796462676596
gradient_boosting,batch2,batch2_018,449.0,706.1765231746436,257.17652317464365,57.27762208789391
gradient_boosting,batch2,batch2_019,392.0,647.1069027339054,255.10690273390537,65.07829151375137
gradient_boosting,batch2,batch2_020,489.0,666.9024404279642,177.90244042796417,36.380867163182856
gradient_boosting,batch2,batch2_021,408.0,650.3192421610343,242.31924216103425,59.39197111790056
gradient_boosting,batch2,batch2_024,514.0,745.1210513732862,231.12105137328615,44.96518509207902
gradient_boosting,batch2,batch2_025,493.0,659.8897159078962,166.88971590789617,33.851869352514434
gradient_boosting,batch2,batch2_026,450.0,650.3192421610343,200.31924216103425,44.51538714689651
gradient_boosting,batch2,batch2_027,474.0,672.2244907663356,198.22449076633563,41.81951281990203
gradient_boosting,batch2,batch2_028,437.0,637.9844673025948,200.9844673025948,45.991868947962196
gradient_boosting,batch2,batch2_029,452.0,659.8897159078962,207.88971590789617,45.993299979623046
gradient_boosting,batch2,batch2_030,412.0,650.3192421610343,238.31924216103425,57.84447625267822
gradient_boosting,batch2,batch2_031,425.0,650.3192421610343,225.31924216103425,53.01629227318453
gradient_boosting,batch2,batch2_032,809.0,955.5307932971072,146.53079329710715,18.112582607800636
gradient_boosting,batch2,batch2_033,1140.0,922.4915850524428,-217.50841494755718,19.079685521715543
gradient_boosting,batch2,batch2_034,1186.0,1023.6449009034558,-162.35509909654422,13.689300092457353
gradient_boosting,batch2,batch2_041,442.0,640.1448456756821,198.14484567568206,44.82915060535794
gradient_boosting,batch2,batch2_042,474.0,659.8897159078962,185.88971590789617,39.21723964301607
gradient_boosting,batch2,batch2_043,1029.0,1052.7977487303292,23.797748730329204,2.312706387787095
gradient_boosting,batch2,batch2_044,841.0,1151.8879184002053,310.8879184002053,36.96645878718256
gradient_boosting,batch2,batch2_045,997.0,1052.7977487303292,55.797748730329204,5.59656456673312
gradient_boosting,batch2,batch2_046,503.0,662.0500942809834,159.05009428098344,31.620297073754166
gradient_boosting,batch3,batch3_000,1009.0,922.4915850524428,-86.50841494755718,8.573678389252446
gradient_boosting,batch3,batch3_001,1063.0,903.9078427895473,-159.09215721045268,14.966336520268362
gradient_boosting,batch3,batch3_003,1115.0,802.6774636237426,-312.3225363762574,28.010989809529814
gradient_boosting,batch3,batch3_004,1048.0,941.2165627139868,-106.78343728601317,10.189259283016524
gradient_boosting,batch3,batch3_005,828.0,802.6774636237426,-25.322536376257403,3.058277340127706
gradient_boosting,batch3,batch3_006,667.0,571.863412992131,-95.13658700786903,14.263356372993856
gradient_boosting,batch3,batch3_007,1836.0,1020.7758892176296,-815.2241107823704,44.402184683135644
gradient_boosting,batch3,batch3_008,828.0,800.6490012391054,-27.35099876089464,3.3032607199148116
gradient_boosting,batch3,batch3_009,1039.0,817.2778871244516,-221.72211287554842,21.339953116029683
gradient_boosting,batch3,batch3_010,1078.0,1020.7758892176296,-57.22411078237042,5.308359070720818
gradient_boosting,batch3,batch3_011,817.0,755.3264422753276,-61.67355772467238,7.5487830752352965
gradient_boosting,batch3,batch3_012,932.0,827.2381147407687,-104.76188525923135,11.24054562867289
gradient_boosting,batch3,batch3_013,816.0,802.6774636237426,-13.322536376257403,1.632663771600172
gradient_boosting,batch3,batch3_014,858.0,861.3441460904645,3.3441460904645055,0.3897606166042547
gradient_boosting,batch3,batch3_015,876.0,776.5319918548439,-99.46800814515609,11.354795450360283
gradient_boosting,batch3,batch3_016,1638.0,1021.0975588404905,-616.9024411595095,37.661931694719755
gradient_boosting,batch3,batch3_017,1315.0,1023.6449009034558,-291.3550990965442,22.15628130011743
gradient_boosting,batch3,batch3_018,1146.0,903.9078427895473,-242.09215721045268,21.124970088172137
gradient_boosting,batch3,batch3_019,1155.0,944.085574399813,-210.91442560018697,18.26098922945342
gradient_boosting,batch3,batch3_020,813.0,824.2489555658152,11.248955565815209,1.3836353709489801
gradient_boosting,batch3,batch3_021,772.0,634.9870157143355,-137.01298428566452,17.747795891925456
gradient_boosting,batch3,batch3_022,1002.0,807.460815271354,-194.53918472864598,19.415088296272057
gradient_boosting,batch3,batch3_024,825.0,802.6774636237426,-22.322536376257403,2.7057619850008976
gradient_boosting,batch3,batch3_025,989.0,802.6774636237426,-186.3225363762574,18.839488005688313
gradient_boosting,batch3,batch3_026,1028.0,944.085574399813,-83.91442560018697,8.162881867722469
gradient_boosting,batch3,batch3_027,850.0,802.6774636237426,-47.3225363762574,5.567357220736165
gradient_boosting,batch3,batch3_028,541.0,566.5413626537595,25.541362653759506,4.721139122691221
gradient_boosting,batch3,batch3_029,858.0,890.4258643141675,32.425864314167484,3.7792382650544853
gradient_boosting,batch3,batch3_030,935.0,821.2612058866381,-113.7387941133619,12.16457691051999
gradient_boosting,batch3,batch3_031,731.0,769.0447313970874,38.04473139708739,5.204477619300601
gradient_boosting,batch3,batch3_033,1284.0,1021.6164385188185,-262.38356148118146,20.434856813176125
gradient_boosting,batch3,batch3_034,1158.0,903.9078427895473,-254.09215721045268,21.942327911092633
gradient_boosting,batch3,batch3_035,1093.0,903.9078427895473,-189.09215721045268,17.300288857314975
gradient_boosting,batch3,batch3_036,923.0,903.9078427895473,-19.092157210452683,2.068489405249478
gradient_boosting,batch3,batch3_038,1935.0,1035.3727490335032,-899.6272509664968,46.492364391033426
gradient_boosting,batch3,batch3_039,1156.0,1023.6449009034558,-132.35509909654422,11.449403036033237
gradient_boosting,batch3,batch3_040,796.0,903.9078427895473,107.90784278954732,13.556261656978307
gradient_boosting,batch3,batch3_041,786.0,903.9078427895473,117.90784278954732,15.000997810374978
gradient_boosting,batch3,batch3_044,940.0,846.9864472714944,-93.0135527285056,9.89505880090485
gradient_boosting,batch3,batch3_045,1801.0,1032.5037373476769,-768.4962626523231,42.67053096348269
random_forest_policy,batch1_holdout,batch1_000,1190.0,1146.1065507936507,-43.89344920634926,3.6885251433906943
random_forest_policy,batch1_holdout,batch1_001,1179.0,1148.0604841269842,-30.939515873015807,2.62421678312263
random_forest_policy,batch1_holdout,batch1_002,1177.0,1148.8710174603173,-28.128982539682738,2.3898880662432234
random_forest_policy,batch1_holdout,batch1_014,880.0,869.7205825396829,-10.279417460317063,1.1681156204905754
random_forest_policy,batch1_holdout,batch1_015,719.0,861.236631746032,142.236631746032,19.782563525178304
random_forest_policy,batch1_holdout,batch1_018,691.0,701.5688857142853,10.56888571428533,1.5295058920818132
random_forest_policy,batch1_holdout,batch1_019,788.0,705.7577238095234,-82.24227619047656,10.436837080009715
random_forest_policy,batch1_holdout,batch1_028,860.0,879.7870560772564,19.787056077256352,2.300820474099576
random_forest_policy,batch1_holdout,batch1_029,917.0,879.650216749917,-37.349783250082965,4.073040703389636
random_forest_policy,batch1_holdout,batch1_034,742.0,872.5719342879346,130.5719342879346,17.59729572613674
random_forest_policy,batch1_holdout,batch1_035,703.0,733.4803777777778,30.48037777777779,4.335757863126286
random_forest_policy,batch2,batch2_000,477.0,678.3157666999668,201.31576669996684,42.20456324946894
random_forest_policy,batch2,batch2_001,491.0,671.668364102564,180.66836410256406,36.79600083555276
random_forest_policy,batch2,batch2_002,424.0,649.7381919302923,225.73819193029226,53.240139606201005
random_forest_policy,batch2,batch2_003,499.0,685.6717164835167,186.67171648351666,37.40916161994321
random_forest_policy,batch2,batch2_004,444.0,652.4838183372184,208.4838183372184,46.95581494081495
random_forest_policy,batch2,batch2_005,416.0,665.8987572649571,249.8987572649571,60.07181665023007
random_forest_policy,batch2,batch2_006,393.0,697.989011721612,304.989011721612,77.60534649404885
random_forest_policy,batch2,batch2_010,492.0,685.1702333666334,193.1702333666334,39.26224255419378
random_forest_policy,batch2,batch2_011,449.0,680.4689952713956,231.46899527139556,51.55211475977629
random_forest_policy,batch2,batch2_012,466.0,674.4102143190142,208.41021431901424,44.723221956870006
random_forest_policy,batch2,batch2_013,460.0,670.8477476523477,210.84774765234772,45.83646688094515
random_forest_policy,batch2,batch2_014,426.0,635.1034279498275,209.1034279498275,49.08531172531162
random_forest_policy,batch2,batch2_017,471.0,677.6817619380621,206.6817619380621,43.881478118484516
random_forest_policy,batch2,batch2_018,449.0,689.7264243978246,240.72642439782464,53.61390298392531
random_forest_policy,batch2,batch2_019,392.0,659.0646206349203,267.0646206349203,68.1287297538062
random_forest_policy,batch2,batch2_020,489.0,682.4903831501832,193.49038315018322,39.568585511284915
random_forest_policy,batch2,batch2_021,408.0,665.446387301587,257.44638730158704,63.09960473078113
random_forest_policy,batch2,batch2_024,514.0,738.5870332223333,224.58703322233328,43.693975335084296
random_forest_policy,batch2,batch2_025,493.0,690.5863905094906,197.58639050949057,40.07837535689464
random_forest_policy,batch2,batch2_026,450.0,671.668364102564,221.66836410256406,49.259636467236454
random_forest_policy,batch2,batch2_027,474.0,681.0859286047288,207.0859286047288,43.689014473571476
random_forest_policy,batch2,batch2_028,437.0,679.4380333666336,242.4380333666336,55.47781083904659
random_forest_policy,batch2,batch2_029,452.0,678.3157666999668,226.31576669996684,50.0698598893732
random_forest_policy,batch2,batch2_030,412.0,671.668364102564,259.66836410256406,63.02630196664176
random_forest_policy,batch2,batch2_031,425.0,671.1123095571096,246.1123095571096,57.908778719319905
random_forest_policy,batch2,batch2_032,809.0,896.5187245692217,87.51872456922172,10.818136535132474
random_forest_policy,batch2,batch2_033,1140.0,846.5283304029304,-293.47166959706965,25.743128912023653
random_forest_policy,batch2,batch2_034,1186.0,879.7958380952381,-306.2041619047619,25.81822613024974
random_forest_policy,batch2,batch2_041,442.0,670.0175476523477,228.01754765234773,51.58768046433206
random_forest_policy,batch2,batch2_042,474.0,680.7775666999668,206.77756669996677,43.62395921940227
random_forest_policy,batch2,batch2_043,1029.0,917.1793950209922,-111.82060497900784,10.866919823032832
random_forest_policy,batch2,batch2_044,841.0,931.110553751151,90.11055375115097,10.714691290267655
random_forest_policy,batch2,batch2_045,997.0,910.2015474019445,-86.79845259805552,8.705963149253312
random_forest_policy,batch2,batch2_046,503.0,685.1702333666334,182.1702333666334,36.216746196149785
random_forest_policy,batch3,batch3_000,1009.0,853.6261621489623,-155.3738378510377,15.398794633403144
random_forest_policy,batch3,batch3_001,1063.0,852.3129714285715,-210.68702857142853,19.820040317161666
random_forest_policy,batch3,batch3_003,1115.0,822.360888888889,-292.639111111111,26.245660189337308
random_forest_policy,batch3,batch3_004,1048.0,880.2455666702581,-167.75443332974191,16.007102416960105
random_forest_policy,batch3,batch3_005,828.0,822.360888888889,-5.639111111110992,0.6810520665592986
random_forest_policy,batch3,batch3_006,667.0,652.0155692196694,-14.984430780330626,2.246541346376406
random_forest_policy,batch3,batch3_007,1836.0,883.4786304029304,-952.5213695970696,51.88024888872928
random_forest_policy,batch3,batch3_008,828.0,826.42857008547,-1.571429914529972,0.1897862215615908
random_forest_policy,batch3,batch3_009,1039.0,824.8269588281,-214.17304117189997,20.61338221096246
random_forest_policy,batch3,batch3_010,1078.0,883.8714335775337,-194.1285664224663,18.008215809134164
random_forest_policy,batch3,batch3_011,817.0,804.6392222222222,-12.360777777777798,1.5129470964232312
random_forest_policy,batch3,batch3_012,932.0,825.2987739685153,-106.70122603148468,11.448629402519815
random_forest_policy,batch3,batch3_013,816.0,826.0657555555557,10.065755555555711,1.2335484749455528
random_forest_policy,batch3,batch3_014,858.0,823.6410184129597,-34.35898158704026,4.004543308512851
random_forest_policy,batch3,batch3_015,876.0,802.1255597680099,-73.87444023199009,8.43315527762444
random_forest_policy,batch3,batch3_016,1638.0,886.2389714285716,-751.7610285714284,45.89505668934239
random_forest_policy,batch3,batch3_017,1315.0,879.7958380952381,-435.2041619047619,33.095373528879236
random_forest_policy,batch3,batch3_018,1146.0,853.2525714285716,-292.7474285714284,25.545150835203174
random_forest_policy,batch3,batch3_019,1155.0,870.2583664260579,-284.74163357394207,24.65295528778719
random_forest_policy,batch3,batch3_020,813.0,828.3003034188033,15.30030341880331,1.8819561400742078
random_forest_policy,batch3,batch3_021,772.0,681.9585086136088,-90.04149138639116,11.663405619998855
random_forest_policy,batch3,batch3_022,1002.0,809.9524984126986,-192.04750158730144,19.16641732408198
random_forest_policy,batch3,batch3_024,825.0,831.4585333333333,6.458533333333321,0.7828525252525238
random_forest_policy,batch3,batch3_025,989.0,822.360888888889,-166.639111111111,16.849252892933364
random_forest_policy,batch3,batch3_026,1028.0,877.9555473784388,-150.04445262156116,14.59576387369272
random_forest_policy,batch3,batch3_027,850.0,822.360888888889,-27.639111111110992,3.2516601307189403
random_forest_policy,batch3,batch3_028,541.0,648.1775073149073,107.1775073149073,19.810999503679724
random_forest_policy,batch3,batch3_029,858.0,839.1341841269842,-18.865815873015777,2.1988130388130274
random_forest_policy,batch3,batch3_030,935.0,822.5930192918194,-112.40698070818064,12.022136974136966
random_forest_policy,batch3,batch3_031,731.0,800.8561936507938,69.85619365079378,9.556250841421859
random_forest_policy,batch3,batch3_033,1284.0,881.2166192918193,-402.78338070818074,31.36942217353433
random_forest_policy,batch3,batch3_034,1158.0,867.7154380952381,-290.28456190476186,25.067751459823995
random_forest_policy,batch3,batch3_035,1093.0,852.3332380952382,-240.66676190476176,22.01891691717857
random_forest_policy,batch3,batch3_036,923.0,848.2539714285715,-74.7460285714285,8.098161275344365
random_forest_policy,batch3,batch3_038,1935.0,893.8515281440783,-1041.1484718559218,53.806122576533426
random_forest_policy,batch3,batch3_039,1156.0,879.7958380952381,-276.2041619047619,23.89309359037733
random_forest_policy,batch3,batch3_040,796.0,872.7140380952383,76.71403809523827,9.637441971763602
random_forest_policy,batch3,batch3_041,786.0,846.950942857143,60.95094285714299,7.754572882588167
random_forest_policy,batch3,batch3_044,940.0,849.313546590338,-90.68645340966202,9.647495043581067
random_forest_policy,batch3,batch3_045,1801.0,883.7416018315018,-917.2583981684982,50.9305051731537
